"target","flakeref","pintype","vuln_id","url","package","severity","version_local","version_nixpkgs","version_upstream","package_repology","sortcol","whitelist","whitelist_comment","classify","nixpkgs_pr"
"packages.x86_64-linux.lenovo-x1-carbon-gen11-debug","github:tiiuae/ghaf?ref=main","current","CVE-2025-27837","https://nvd.nist.gov/vuln/detail/CVE-2025-27837","ghostscript","9.8","10.04.0","10.05.0","10.05.0","ghostscript","2025A0000027837","False","","err_not_vulnerable_based_on_repology",""
"packages.x86_64-linux.lenovo-x1-carbon-gen11-debug","github:tiiuae/ghaf?ref=main","current","CVE-2025-27836","https://nvd.nist.gov/vuln/detail/CVE-2025-27836","ghostscript","9.8","10.04.0","10.05.0","10.05.0","ghostscript","2025A0000027836","False","","err_not_vulnerable_based_on_repology",""
"packages.x86_64-linux.lenovo-x1-carbon-gen11-debug","github:tiiuae/ghaf?ref=main","current","CVE-2025-27835","https://nvd.nist.gov/vuln/detail/CVE-2025-27835","ghostscript","7.8","10.04.0","10.05.0","10.05.0","ghostscript","2025A0000027835","False","","err_not_vulnerable_based_on_repology",""
"packages.x86_64-linux.lenovo-x1-carbon-gen11-debug","github:tiiuae/ghaf?ref=main","current","CVE-2025-27834","https://nvd.nist.gov/vuln/detail/CVE-2025-27834","ghostscript","7.8","10.04.0","10.05.0","10.05.0","ghostscript","2025A0000027834","False","","err_not_vulnerable_based_on_repology",""
"packages.x86_64-linux.lenovo-x1-carbon-gen11-debug","github:tiiuae/ghaf?ref=main","current","CVE-2025-27833","https://nvd.nist.gov/vuln/detail/CVE-2025-27833","ghostscript","7.8","10.04.0","10.05.0","10.05.0","ghostscript","2025A0000027833","False","","err_not_vulnerable_based_on_repology",""
"packages.x86_64-linux.lenovo-x1-carbon-gen11-debug","github:tiiuae/ghaf?ref=main","current","CVE-2025-27832","https://nvd.nist.gov/vuln/detail/CVE-2025-27832","ghostscript","9.8","10.04.0","10.05.0","10.05.0","ghostscript","2025A0000027832","False","","err_not_vulnerable_based_on_repology",""
"packages.x86_64-linux.lenovo-x1-carbon-gen11-debug","github:tiiuae/ghaf?ref=main","current","CVE-2025-27831","https://nvd.nist.gov/vuln/detail/CVE-2025-27831","ghostscript","9.8","10.04.0","10.05.0","10.05.0","ghostscript","2025A0000027831","False","","err_not_vulnerable_based_on_repology",""
"packages.x86_64-linux.lenovo-x1-carbon-gen11-debug","github:tiiuae/ghaf?ref=main","current","CVE-2025-27830","https://nvd.nist.gov/vuln/detail/CVE-2025-27830","ghostscript","7.8","10.04.0","10.05.0","10.05.0","ghostscript","2025A0000027830","False","","err_not_vulnerable_based_on_repology",""
"packages.x86_64-linux.lenovo-x1-carbon-gen11-debug","github:tiiuae/ghaf?ref=main","current","CVE-2025-27113","https://nvd.nist.gov/vuln/detail/CVE-2025-27113","libxml2","2.9","2.13.5","2.13.6","2.14.0","libxml2","2025A0000027113","False","","fix_update_to_version_nixpkgs","https://github.com/NixOS/nixpkgs/pull/394517"
"packages.x86_64-linux.lenovo-x1-carbon-gen11-debug","github:tiiuae/ghaf?ref=main","current","CVE-2025-27091","https://nvd.nist.gov/vuln/detail/CVE-2025-27091","openh264","7.5","2.5.0","2.6.0","2.6.0","openh264","2025A0000027091","False","","fix_update_to_version_nixpkgs","https://github.com/NixOS/nixpkgs/pull/384033 
https://github.com/NixOS/nixpkgs/pull/384717"
"packages.x86_64-linux.lenovo-x1-carbon-gen11-debug","github:tiiuae/ghaf?ref=main","current","CVE-2025-26601","https://nvd.nist.gov/vuln/detail/CVE-2025-26601","xwayland","7.8","24.1.5","24.1.6","24.1.6","xwayland","2025A0000026601","False","","err_not_vulnerable_based_on_repology",""
"packages.x86_64-linux.lenovo-x1-carbon-gen11-debug","github:tiiuae/ghaf?ref=main","current","CVE-2025-26601","https://nvd.nist.gov/vuln/detail/CVE-2025-26601","xorg-server","7.8","21.1.15","21.1.16","21.1.16","xorg-server","2025A0000026601","False","","err_not_vulnerable_based_on_repology",""
"packages.x86_64-linux.lenovo-x1-carbon-gen11-debug","github:tiiuae/ghaf?ref=main","current","CVE-2025-26600","https://nvd.nist.gov/vuln/detail/CVE-2025-26600","xwayland","7.8","24.1.5","24.1.6","24.1.6","xwayland","2025A0000026600","False","","err_not_vulnerable_based_on_repology",""
"packages.x86_64-linux.lenovo-x1-carbon-gen11-debug","github:tiiuae/ghaf?ref=main","current","CVE-2025-26600","https://nvd.nist.gov/vuln/detail/CVE-2025-26600","xorg-server","7.8","21.1.15","21.1.16","21.1.16","xorg-server","2025A0000026600","False","","err_not_vulnerable_based_on_repology",""
"packages.x86_64-linux.lenovo-x1-carbon-gen11-debug","github:tiiuae/ghaf?ref=main","current","CVE-2025-26599","https://nvd.nist.gov/vuln/detail/CVE-2025-26599","xwayland","7.8","24.1.5","24.1.6","24.1.6","xwayland","2025A0000026599","False","","err_not_vulnerable_based_on_repology",""
"packages.x86_64-linux.lenovo-x1-carbon-gen11-debug","github:tiiuae/ghaf?ref=main","current","CVE-2025-26599","https://nvd.nist.gov/vuln/detail/CVE-2025-26599","xorg-server","7.8","21.1.15","21.1.16","21.1.16","xorg-server","2025A0000026599","False","","err_not_vulnerable_based_on_repology",""
"packages.x86_64-linux.lenovo-x1-carbon-gen11-debug","github:tiiuae/ghaf?ref=main","current","CVE-2025-26598","https://nvd.nist.gov/vuln/detail/CVE-2025-26598","xwayland","7.8","24.1.5","24.1.6","24.1.6","xwayland","2025A0000026598","False","","err_not_vulnerable_based_on_repology",""
"packages.x86_64-linux.lenovo-x1-carbon-gen11-debug","github:tiiuae/ghaf?ref=main","current","CVE-2025-26598","https://nvd.nist.gov/vuln/detail/CVE-2025-26598","xorg-server","7.8","21.1.15","21.1.16","21.1.16","xorg-server","2025A0000026598","False","","err_not_vulnerable_based_on_repology",""
"packages.x86_64-linux.lenovo-x1-carbon-gen11-debug","github:tiiuae/ghaf?ref=main","current","CVE-2025-26597","https://nvd.nist.gov/vuln/detail/CVE-2025-26597","xwayland","7.8","24.1.5","24.1.6","24.1.6","xwayland","2025A0000026597","False","","err_not_vulnerable_based_on_repology",""
"packages.x86_64-linux.lenovo-x1-carbon-gen11-debug","github:tiiuae/ghaf?ref=main","current","CVE-2025-26597","https://nvd.nist.gov/vuln/detail/CVE-2025-26597","xorg-server","7.8","21.1.15","21.1.16","21.1.16","xorg-server","2025A0000026597","False","","err_not_vulnerable_based_on_repology",""
"packages.x86_64-linux.lenovo-x1-carbon-gen11-debug","github:tiiuae/ghaf?ref=main","current","CVE-2025-26596","https://nvd.nist.gov/vuln/detail/CVE-2025-26596","xwayland","7.8","24.1.5","24.1.6","24.1.6","xwayland","2025A0000026596","False","","err_not_vulnerable_based_on_repology",""
"packages.x86_64-linux.lenovo-x1-carbon-gen11-debug","github:tiiuae/ghaf?ref=main","current","CVE-2025-26596","https://nvd.nist.gov/vuln/detail/CVE-2025-26596","xorg-server","7.8","21.1.15","21.1.16","21.1.16","xorg-server","2025A0000026596","False","","err_not_vulnerable_based_on_repology",""
"packages.x86_64-linux.lenovo-x1-carbon-gen11-debug","github:tiiuae/ghaf?ref=main","current","CVE-2025-26595","https://nvd.nist.gov/vuln/detail/CVE-2025-26595","xwayland","7.8","24.1.5","24.1.6","24.1.6","xwayland","2025A0000026595","False","","err_not_vulnerable_based_on_repology",""
"packages.x86_64-linux.lenovo-x1-carbon-gen11-debug","github:tiiuae/ghaf?ref=main","current","CVE-2025-26595","https://nvd.nist.gov/vuln/detail/CVE-2025-26595","xorg-server","7.8","21.1.15","21.1.16","21.1.16","xorg-server","2025A0000026595","False","","err_not_vulnerable_based_on_repology",""
"packages.x86_64-linux.lenovo-x1-carbon-gen11-debug","github:tiiuae/ghaf?ref=main","current","CVE-2025-26594","https://nvd.nist.gov/vuln/detail/CVE-2025-26594","xwayland","7.8","24.1.5","24.1.6","24.1.6","xwayland","2025A0000026594","False","","err_not_vulnerable_based_on_repology",""
"packages.x86_64-linux.lenovo-x1-carbon-gen11-debug","github:tiiuae/ghaf?ref=main","current","CVE-2025-26594","https://nvd.nist.gov/vuln/detail/CVE-2025-26594","xorg-server","7.8","21.1.15","21.1.16","21.1.16","xorg-server","2025A0000026594","False","","err_not_vulnerable_based_on_repology",""
"packages.x86_64-linux.lenovo-x1-carbon-gen11-debug","github:tiiuae/ghaf?ref=main","current","CVE-2025-25724","https://nvd.nist.gov/vuln/detail/CVE-2025-25724","libarchive","4","3.7.7","3.7.7","3.7.8","libarchive","2025A0000025724","False","","err_not_vulnerable_based_on_repology","https://github.com/NixOS/nixpkgs/pull/391577"
"packages.x86_64-linux.lenovo-x1-carbon-gen11-debug","github:tiiuae/ghaf?ref=main","current","CVE-2025-24928","https://nvd.nist.gov/vuln/detail/CVE-2025-24928","libxml2","7.8","2.13.5","2.13.6","2.14.0","libxml2","2025A0000024928","False","","err_not_vulnerable_based_on_repology","https://github.com/NixOS/nixpkgs/pull/383307"
"packages.x86_64-linux.lenovo-x1-carbon-gen11-debug","github:tiiuae/ghaf?ref=main","current","CVE-2025-24855","https://nvd.nist.gov/vuln/detail/CVE-2025-24855","libxslt","7.8","1.1.42","1.1.42","1.1.43","libxslt","2025A0000024855","False","","err_not_vulnerable_based_on_repology",""
"packages.x86_64-linux.lenovo-x1-carbon-gen11-debug","github:tiiuae/ghaf?ref=main","current","CVE-2025-1795","https://nvd.nist.gov/vuln/detail/CVE-2025-1795","python","","2.7.18.8","3.13.2","3.13.2","python","2025A0000001795","False","","err_not_vulnerable_based_on_repology",""
"packages.x86_64-linux.lenovo-x1-carbon-gen11-debug","github:tiiuae/ghaf?ref=main","current","CVE-2025-1632","https://nvd.nist.gov/vuln/detail/CVE-2025-1632","libarchive","3.3","3.7.7","3.7.7","3.7.8","libarchive","2025A0000001632","False","","fix_update_to_version_upstream","https://github.com/NixOS/nixpkgs/pull/391577 
https://github.com/NixOS/nixpkgs/pull/393224"
"packages.x86_64-linux.lenovo-x1-carbon-gen11-debug","github:tiiuae/ghaf?ref=main","current","CVE-2025-0938","https://nvd.nist.gov/vuln/detail/CVE-2025-0938","python","","2.7.18.8","3.13.2","3.13.2","python","2025A0000000938","False","","err_not_vulnerable_based_on_repology","https://github.com/NixOS/nixpkgs/pull/378410 
https://github.com/NixOS/nixpkgs/pull/379432"
"packages.x86_64-linux.lenovo-x1-carbon-gen11-debug","github:tiiuae/ghaf?ref=main","current","CVE-2025-0840","https://nvd.nist.gov/vuln/detail/CVE-2025-0840","binutils","5","2.43.1","2.43.1","2.44","binutils","2025A0000000840","False","","fix_update_to_version_upstream","https://github.com/NixOS/nixpkgs/pull/388157"
"packages.x86_64-linux.lenovo-x1-carbon-gen11-debug","github:tiiuae/ghaf?ref=main","current","CVE-2025-0651","https://nvd.nist.gov/vuln/detail/CVE-2025-0651","warp","","3.3.31","3.4.7","3.4.7","haskell:warp","2025A0000000651","False","","err_not_vulnerable_based_on_repology",""
"packages.x86_64-linux.lenovo-x1-carbon-gen11-debug","github:tiiuae/ghaf?ref=main","current","OSV-2025-74","https://osv.dev/OSV-2025-74","libxml2","","2.13.5","2.13.6","2.14.0","libxml2","2025A0000000074","False","","err_not_vulnerable_based_on_repology",""
"packages.x86_64-linux.lenovo-x1-carbon-gen11-debug","github:tiiuae/ghaf?ref=main","current","OSV-2025-63","https://osv.dev/OSV-2025-63","ghostscript","","10.04.0","10.05.0","10.05.0","ghostscript","2025A0000000063","False","","err_not_vulnerable_based_on_repology",""
"packages.x86_64-linux.lenovo-x1-carbon-gen11-debug","github:tiiuae/ghaf?ref=main","current","RUSTSEC-2025-0003","https://osv.dev/RUSTSEC-2025-0003","fast-float","","7.0.0","8.0.1","8.0.2","fast-float","2025A0000000003","False","","err_not_vulnerable_based_on_repology",""
"packages.x86_64-linux.lenovo-x1-carbon-gen11-debug","github:tiiuae/ghaf?ref=main","current","GHSA-w596-4wvx-j9j6","https://osv.dev/GHSA-w596-4wvx-j9j6","py","","1.11.0","1.11.0","1.11.0","python:py","2024A1729468800","False","","err_not_vulnerable_based_on_repology",""
"packages.x86_64-linux.lenovo-x1-carbon-gen11-debug","github:tiiuae/ghaf?ref=main","current","GHSA-pxg6-pf52-xh8x","https://osv.dev/GHSA-pxg6-pf52-xh8x","cookie","","0.4.6","0.5.0","0.5.0","haskell:cookie","2024A1728000000","False","","err_not_vulnerable_based_on_repology",""
"packages.x86_64-linux.lenovo-x1-carbon-gen11-debug","github:tiiuae/ghaf?ref=main","current","GHSA-fwr7-v2mv-hh25","https://osv.dev/GHSA-fwr7-v2mv-hh25","async","","2.2.5","2.2.5","2.2.5","haskell:async","2024A1719187200","False","","err_not_vulnerable_based_on_repology",""
"packages.x86_64-linux.lenovo-x1-carbon-gen11-debug","github:tiiuae/ghaf?ref=main","current","CVE-2024-57970","https://nvd.nist.gov/vuln/detail/CVE-2024-57970","libarchive","4","3.7.7","3.7.7","3.7.8","libarchive","2024A0000057970","False","","err_not_vulnerable_based_on_repology","https://github.com/NixOS/nixpkgs/pull/391577"
"packages.x86_64-linux.lenovo-x1-carbon-gen11-debug","github:tiiuae/ghaf?ref=main","current","CVE-2024-56171","https://nvd.nist.gov/vuln/detail/CVE-2024-56171","libxml2","7.8","2.13.5","2.13.6","2.14.0","libxml2","2024A0000056171","False","","err_not_vulnerable_based_on_repology","https://github.com/NixOS/nixpkgs/pull/383307"
"packages.x86_64-linux.lenovo-x1-carbon-gen11-debug","github:tiiuae/ghaf?ref=main","current","CVE-2024-55549","https://nvd.nist.gov/vuln/detail/CVE-2024-55549","libxslt","7.8","1.1.42","1.1.42","1.1.43","libxslt","2024A0000055549","False","","err_not_vulnerable_based_on_repology",""
"packages.x86_64-linux.lenovo-x1-carbon-gen11-debug","github:tiiuae/ghaf?ref=main","current","CVE-2024-53427","https://nvd.nist.gov/vuln/detail/CVE-2024-53427","jq","","1.7.1","1.7.1","1.7.1","jq","2024A0000053427","False","","err_not_vulnerable_based_on_repology",""
"packages.x86_64-linux.lenovo-x1-carbon-gen11-debug","github:tiiuae/ghaf?ref=main","current","CVE-2024-50602","https://nvd.nist.gov/vuln/detail/CVE-2024-50602","python","5.9","2.7.18.8","3.13.2","3.13.2","python","2024A0000050602","False","","err_not_vulnerable_based_on_repology","https://github.com/NixOS/nixpkgs/pull/354155"
"packages.x86_64-linux.lenovo-x1-carbon-gen11-debug","github:tiiuae/ghaf?ref=main","current","CVE-2024-22862","https://nvd.nist.gov/vuln/detail/CVE-2024-22862","ffmpeg","9.8","4.4.5","","","","2024A0000022862","False","","err_missing_repology_version",""
"packages.x86_64-linux.lenovo-x1-carbon-gen11-debug","github:tiiuae/ghaf?ref=main","current","CVE-2024-22861","https://nvd.nist.gov/vuln/detail/CVE-2024-22861","ffmpeg","7.5","4.4.5","","","","2024A0000022861","False","","err_missing_repology_version",""
"packages.x86_64-linux.lenovo-x1-carbon-gen11-debug","github:tiiuae/ghaf?ref=main","current","CVE-2024-22860","https://nvd.nist.gov/vuln/detail/CVE-2024-22860","ffmpeg","9.8","4.4.5","","","","2024A0000022860","False","","err_missing_repology_version",""
"packages.x86_64-linux.lenovo-x1-carbon-gen11-debug","github:tiiuae/ghaf?ref=main","current","CVE-2024-13176","https://nvd.nist.gov/vuln/detail/CVE-2024-13176","openssl","4.1","3.3.2","3.4.1","3.4.1","openssl","2024A0000013176","False","","err_not_vulnerable_based_on_repology","https://github.com/NixOS/nixpkgs/pull/372733 
https://github.com/NixOS/nixpkgs/pull/381195"
"packages.x86_64-linux.lenovo-x1-carbon-gen11-debug","github:tiiuae/ghaf?ref=main","current","CVE-2024-12797","https://nvd.nist.gov/vuln/detail/CVE-2024-12797","openssl","6.3","3.3.2","3.4.1","3.4.1","openssl","2024A0000012797","False","","err_not_vulnerable_based_on_repology","https://github.com/NixOS/nixpkgs/pull/372733 
https://github.com/NixOS/nixpkgs/pull/381195"
"packages.x86_64-linux.lenovo-x1-carbon-gen11-debug","github:tiiuae/ghaf?ref=main","current","CVE-2024-11168","https://nvd.nist.gov/vuln/detail/CVE-2024-11168","python","3.7","2.7.18.8","3.13.2","3.13.2","python","2024A0000011168","False","","err_not_vulnerable_based_on_repology","https://github.com/NixOS/nixpkgs/pull/375511"
"packages.x86_64-linux.lenovo-x1-carbon-gen11-debug","github:tiiuae/ghaf?ref=main","current","CVE-2024-10041","https://nvd.nist.gov/vuln/detail/CVE-2024-10041","linux-pam","4.7","1.6.1","","","","2024A0000010041","False","","err_missing_repology_version",""
"packages.x86_64-linux.lenovo-x1-carbon-gen11-debug","github:tiiuae/ghaf?ref=main","current","CVE-2024-9287","https://nvd.nist.gov/vuln/detail/CVE-2024-9287","python","7.8","2.7.18.8","3.13.2","3.13.2","python","2024A0000009287","False","","fix_update_to_version_nixpkgs","https://github.com/NixOS/nixpkgs/pull/108566 
https://github.com/NixOS/nixpkgs/pull/378540"
"packages.x86_64-linux.lenovo-x1-carbon-gen11-debug","github:tiiuae/ghaf?ref=main","current","MAL-2024-9233","https://osv.dev/MAL-2024-9233","foldl","","1.4.17","1.4.18","1.4.18","haskell:foldl","2024A0000009233","False","","err_not_vulnerable_based_on_repology",""
"packages.x86_64-linux.lenovo-x1-carbon-gen11-debug","github:tiiuae/ghaf?ref=main","current","CVE-2024-9143","https://nvd.nist.gov/vuln/detail/CVE-2024-9143","openssl","4.3","3.3.2","3.4.1","3.4.1","openssl","2024A0000009143","False","","err_not_vulnerable_based_on_repology","https://github.com/NixOS/nixpkgs/pull/372733 
https://github.com/NixOS/nixpkgs/pull/381195"
"packages.x86_64-linux.lenovo-x1-carbon-gen11-debug","github:tiiuae/ghaf?ref=main","current","CVE-2024-8354","https://nvd.nist.gov/vuln/detail/CVE-2024-8354","qemu","5.5","9.2.0","9.2.2","9.2.3","qemu","2024A0000008354","False","","err_not_vulnerable_based_on_repology",""
"packages.x86_64-linux.lenovo-x1-carbon-gen11-debug","github:tiiuae/ghaf?ref=main","current","CVE-2024-8088","https://nvd.nist.gov/vuln/detail/CVE-2024-8088","python","","2.7.18.8","3.13.2","3.13.2","python","2024A0000008088","False","","err_not_vulnerable_based_on_repology",""
"packages.x86_64-linux.lenovo-x1-carbon-gen11-debug","github:tiiuae/ghaf?ref=main","current","CVE-2024-7592","https://nvd.nist.gov/vuln/detail/CVE-2024-7592","python","7.5","2.7.18.8","3.13.2","3.13.2","python","2024A0000007592","False","","fix_update_to_version_nixpkgs","https://github.com/NixOS/nixpkgs/pull/108566 
https://github.com/NixOS/nixpkgs/pull/378540"
"packages.x86_64-linux.lenovo-x1-carbon-gen11-debug","github:tiiuae/ghaf?ref=main","current","CVE-2024-7272","https://nvd.nist.gov/vuln/detail/CVE-2024-7272","ffmpeg","8.8","4.4.5","","","","2024A0000007272","False","","err_missing_repology_version","https://github.com/NixOS/nixpkgs/pull/333021"
"packages.x86_64-linux.lenovo-x1-carbon-gen11-debug","github:tiiuae/ghaf?ref=main","current","CVE-2024-6923","https://nvd.nist.gov/vuln/detail/CVE-2024-6923","python","5.5","2.7.18.8","3.13.2","3.13.2","python","2024A0000006923","False","","err_not_vulnerable_based_on_repology","https://github.com/NixOS/nixpkgs/pull/335172"
"packages.x86_64-linux.lenovo-x1-carbon-gen11-debug","github:tiiuae/ghaf?ref=main","current","CVE-2024-6505","https://nvd.nist.gov/vuln/detail/CVE-2024-6505","qemu","6.8","9.2.0","9.2.2","9.2.3","qemu","2024A0000006505","False","","err_not_vulnerable_based_on_repology","https://github.com/NixOS/nixpkgs/pull/351100"
"packages.x86_64-linux.lenovo-x1-carbon-gen11-debug","github:tiiuae/ghaf?ref=main","current","CVE-2024-6232","https://nvd.nist.gov/vuln/detail/CVE-2024-6232","python","7.5","2.7.18.8","3.13.2","3.13.2","python","2024A0000006232","False","","fix_update_to_version_nixpkgs","https://github.com/NixOS/nixpkgs/pull/108566 
https://github.com/NixOS/nixpkgs/pull/378540"
"packages.x86_64-linux.lenovo-x1-carbon-gen11-debug","github:tiiuae/ghaf?ref=main","current","CVE-2024-5642","https://nvd.nist.gov/vuln/detail/CVE-2024-5642","python","6.5","2.7.18.8","3.13.2","3.13.2","python","2024A0000005642","False","","err_not_vulnerable_based_on_repology",""
"packages.x86_64-linux.lenovo-x1-carbon-gen11-debug","github:tiiuae/ghaf?ref=main","current","CVE-2024-4032","https://nvd.nist.gov/vuln/detail/CVE-2024-4032","python","7.5","2.7.18.8","3.13.2","3.13.2","python","2024A0000004032","False","","err_not_vulnerable_based_on_repology",""
"packages.x86_64-linux.lenovo-x1-carbon-gen11-debug","github:tiiuae/ghaf?ref=main","current","CVE-2024-4030","https://nvd.nist.gov/vuln/detail/CVE-2024-4030","python","7.1","2.7.18.8","3.13.2","3.13.2","python","2024A0000004030","False","","err_not_vulnerable_based_on_repology",""
"packages.x86_64-linux.lenovo-x1-carbon-gen11-debug","github:tiiuae/ghaf?ref=main","current","CVE-2024-3220","https://nvd.nist.gov/vuln/detail/CVE-2024-3220","python","","2.7.18.8","3.13.2","3.13.2","python","2024A0000003220","False","","err_not_vulnerable_based_on_repology",""
"packages.x86_64-linux.lenovo-x1-carbon-gen11-debug","github:tiiuae/ghaf?ref=main","current","CVE-2024-3219","https://nvd.nist.gov/vuln/detail/CVE-2024-3219","python","","2.7.18.8","3.13.2","3.13.2","python","2024A0000003219","False","","err_not_vulnerable_based_on_repology",""
"packages.x86_64-linux.lenovo-x1-carbon-gen11-debug","github:tiiuae/ghaf?ref=main","current","OSV-2024-1391","https://osv.dev/OSV-2024-1391","ghostscript","","10.04.0","10.05.0","10.05.0","ghostscript","2024A0000001391","False","","err_not_vulnerable_based_on_repology",""
"packages.x86_64-linux.lenovo-x1-carbon-gen11-debug","github:tiiuae/ghaf?ref=main","current","OSV-2024-1312","https://osv.dev/OSV-2024-1312","jq","","1.7.1","1.7.1","1.7.1","jq","2024A0000001312","False","","err_not_vulnerable_based_on_repology",""
"packages.x86_64-linux.lenovo-x1-carbon-gen11-debug","github:tiiuae/ghaf?ref=main","current","OSV-2024-1251","https://osv.dev/OSV-2024-1251","ghostscript","","10.04.0","10.05.0","10.05.0","ghostscript","2024A0000001251","False","","err_not_vulnerable_based_on_repology",""
"packages.x86_64-linux.lenovo-x1-carbon-gen11-debug","github:tiiuae/ghaf?ref=main","current","OSV-2024-1209","https://osv.dev/OSV-2024-1209","libxml2","","2.13.5","2.13.6","2.14.0","libxml2","2024A0000001209","False","","err_not_vulnerable_based_on_repology",""
"packages.x86_64-linux.lenovo-x1-carbon-gen11-debug","github:tiiuae/ghaf?ref=main","current","OSV-2024-1059","https://osv.dev/OSV-2024-1059","ghostscript","","10.04.0","10.05.0","10.05.0","ghostscript","2024A0000001059","False","","err_not_vulnerable_based_on_repology",""
"packages.x86_64-linux.lenovo-x1-carbon-gen11-debug","github:tiiuae/ghaf?ref=main","current","OSV-2024-1042","https://osv.dev/OSV-2024-1042","ghostscript","","10.04.0","10.05.0","10.05.0","ghostscript","2024A0000001042","False","","err_not_vulnerable_based_on_repology",""
"packages.x86_64-linux.lenovo-x1-carbon-gen11-debug","github:tiiuae/ghaf?ref=main","current","CVE-2024-1013","https://nvd.nist.gov/vuln/detail/CVE-2024-1013","unixODBC","7.8","2.3.12","2.3.12","2.3.12","unixodbc","2024A0000001013","False","","err_not_vulnerable_based_on_repology","https://github.com/NixOS/nixpkgs/pull/388975 
https://github.com/NixOS/nixpkgs/pull/390067"
"packages.x86_64-linux.lenovo-x1-carbon-gen11-debug","github:tiiuae/ghaf?ref=main","current","OSV-2024-983","https://osv.dev/OSV-2024-983","ghostscript","","10.04.0","10.05.0","10.05.0","ghostscript","2024A0000000983","False","","err_not_vulnerable_based_on_repology",""
"packages.x86_64-linux.lenovo-x1-carbon-gen11-debug","github:tiiuae/ghaf?ref=main","current","OSV-2024-919","https://osv.dev/OSV-2024-919","jq","","1.7.1","1.7.1","1.7.1","jq","2024A0000000919","False","","err_not_vulnerable_based_on_repology",""
"packages.x86_64-linux.lenovo-x1-carbon-gen11-debug","github:tiiuae/ghaf?ref=main","current","OSV-2024-914","https://osv.dev/OSV-2024-914","boost","","1.87.0","1.87.0","1.87.0","boost","2024A0000000914","False","","err_not_vulnerable_based_on_repology",""
"packages.x86_64-linux.lenovo-x1-carbon-gen11-debug","github:tiiuae/ghaf?ref=main","current","OSV-2024-861","https://osv.dev/OSV-2024-861","ghostscript","","10.04.0","10.05.0","10.05.0","ghostscript","2024A0000000861","False","","err_not_vulnerable_based_on_repology",""
"packages.x86_64-linux.lenovo-x1-carbon-gen11-debug","github:tiiuae/ghaf?ref=main","current","OSV-2024-853","https://osv.dev/OSV-2024-853","ghostscript","","10.04.0","10.05.0","10.05.0","ghostscript","2024A0000000853","False","","err_not_vulnerable_based_on_repology",""
"packages.x86_64-linux.lenovo-x1-carbon-gen11-debug","github:tiiuae/ghaf?ref=main","current","OSV-2024-831","https://osv.dev/OSV-2024-831","jq","","1.7.1","1.7.1","1.7.1","jq","2024A0000000831","False","","err_not_vulnerable_based_on_repology",""
"packages.x86_64-linux.lenovo-x1-carbon-gen11-debug","github:tiiuae/ghaf?ref=main","current","OSV-2024-817","https://osv.dev/OSV-2024-817","libpcap","","1.10.5","1.10.5","1.10.5","libpcap","2024A0000000817","False","","err_not_vulnerable_based_on_repology",""
"packages.x86_64-linux.lenovo-x1-carbon-gen11-debug","github:tiiuae/ghaf?ref=main","current","OSV-2024-728","https://osv.dev/OSV-2024-728","ghostscript","","10.04.0","10.05.0","10.05.0","ghostscript","2024A0000000728","False","","err_not_vulnerable_based_on_repology",""
"packages.x86_64-linux.lenovo-x1-carbon-gen11-debug","github:tiiuae/ghaf?ref=main","current","OSV-2024-678","https://osv.dev/OSV-2024-678","flac","","1.4.3","1.4.3","1.5.0","flac","2024A0000000678","False","","err_not_vulnerable_based_on_repology",""
"packages.x86_64-linux.lenovo-x1-carbon-gen11-debug","github:tiiuae/ghaf?ref=main","current","OSV-2024-677","https://osv.dev/OSV-2024-677","ghostscript","","10.04.0","10.05.0","10.05.0","ghostscript","2024A0000000677","False","","err_not_vulnerable_based_on_repology",""
"packages.x86_64-linux.lenovo-x1-carbon-gen11-debug","github:tiiuae/ghaf?ref=main","current","CVE-2024-0450","https://nvd.nist.gov/vuln/detail/CVE-2024-0450","python","6.2","2.7.18.8","3.13.2","3.13.2","python","2024A0000000450","False","","err_not_vulnerable_based_on_repology","https://github.com/NixOS/nixpkgs/pull/298006 
https://github.com/NixOS/nixpkgs/pull/299123 
https://github.com/NixOS/nixpkgs/pull/299125"
"packages.x86_64-linux.lenovo-x1-carbon-gen11-debug","github:tiiuae/ghaf?ref=main","current","OSV-2024-440","https://osv.dev/OSV-2024-440","jq","","1.7.1","1.7.1","1.7.1","jq","2024A0000000440","False","","err_not_vulnerable_based_on_repology",""
"packages.x86_64-linux.lenovo-x1-carbon-gen11-debug","github:tiiuae/ghaf?ref=main","current","RUSTSEC-2024-0422","https://osv.dev/RUSTSEC-2024-0422","gtk-layer-shell","","0.9.0","0.9.0","0.9.0","gtk-layer-shell","2024A0000000422","False","","err_not_vulnerable_based_on_repology",""
"packages.x86_64-linux.lenovo-x1-carbon-gen11-debug","github:tiiuae/ghaf?ref=main","current","CVE-2024-0397","https://nvd.nist.gov/vuln/detail/CVE-2024-0397","python","7.4","2.7.18.8","3.13.2","3.13.2","python","2024A0000000397","False","","err_not_vulnerable_based_on_repology",""
"packages.x86_64-linux.lenovo-x1-carbon-gen11-debug","github:tiiuae/ghaf?ref=main","current","OSV-2024-396","https://osv.dev/OSV-2024-396","jq","","1.7.1","1.7.1","1.7.1","jq","2024A0000000396","False","","err_not_vulnerable_based_on_repology",""
"packages.x86_64-linux.lenovo-x1-carbon-gen11-debug","github:tiiuae/ghaf?ref=main","current","OSV-2024-395","https://osv.dev/OSV-2024-395","libpcap","","1.10.5","1.10.5","1.10.5","libpcap","2024A0000000395","False","","err_not_vulnerable_based_on_repology",""
"packages.x86_64-linux.lenovo-x1-carbon-gen11-debug","github:tiiuae/ghaf?ref=main","current","RUSTSEC-2024-0379","https://osv.dev/RUSTSEC-2024-0379","fast-float","","7.0.0","8.0.1","8.0.2","fast-float","2024A0000000379","False","","err_not_vulnerable_based_on_repology",""
"packages.x86_64-linux.lenovo-x1-carbon-gen11-debug","github:tiiuae/ghaf?ref=main","current","OSV-2024-371","https://osv.dev/OSV-2024-371","jq","","1.7.1","1.7.1","1.7.1","jq","2024A0000000371","False","","err_not_vulnerable_based_on_repology",""
"packages.x86_64-linux.lenovo-x1-carbon-gen11-debug","github:tiiuae/ghaf?ref=main","current","OSV-2024-330","https://osv.dev/OSV-2024-330","jq","","1.7.1","1.7.1","1.7.1","jq","2024A0000000330","False","","err_not_vulnerable_based_on_repology",""
"packages.x86_64-linux.lenovo-x1-carbon-gen11-debug","github:tiiuae/ghaf?ref=main","current","BIT-sqlite-2024-0232","https://osv.dev/BIT-sqlite-2024-0232","sqlite","","3.47.2","3.48.0","3.49.1","sqlite","2024A0000000232","False","","err_not_vulnerable_based_on_repology",""
"packages.x86_64-linux.lenovo-x1-carbon-gen11-debug","github:tiiuae/ghaf?ref=main","current","OSV-2024-112","https://osv.dev/OSV-2024-112","boost","","1.87.0","1.87.0","1.87.0","boost","2024A0000000112","False","","err_not_vulnerable_based_on_repology",""
"packages.x86_64-linux.lenovo-x1-carbon-gen11-debug","github:tiiuae/ghaf?ref=main","current","GHSA-6898-wx94-8jq8","https://osv.dev/GHSA-6898-wx94-8jq8","libnotify","","0.8.3","","","","2023A1694131200","True","Incorrect package: Issue refers node-libnotify https://github.com/mytrile/node-libnotify, whereas nixpkgs refers gnome-libnotify https://gitlab.gnome.org/GNOME/libnotify.","err_missing_repology_version",""
"packages.x86_64-linux.lenovo-x1-carbon-gen11-debug","github:tiiuae/ghaf?ref=main","current","GHSA-gmwp-3pwc-3j3g","https://osv.dev/GHSA-gmwp-3pwc-3j3g","mockery","","0.3.5","0.3.5","0.3.5","haskell:mockery","2023A1690502400","False","","err_not_vulnerable_based_on_repology",""
"packages.x86_64-linux.lenovo-x1-carbon-gen11-debug","github:tiiuae/ghaf?ref=main","current","GHSA-vjrq-cg9x-rfjp","https://osv.dev/GHSA-vjrq-cg9x-rfjp","cookie","","0.4.6","0.5.0","0.5.0","haskell:cookie","2023A1686614400","False","","err_not_vulnerable_based_on_repology",""
"packages.x86_64-linux.lenovo-x1-carbon-gen11-debug","github:tiiuae/ghaf?ref=main","current","GHSA-9cp3-fh5x-xfcj","https://osv.dev/GHSA-9cp3-fh5x-xfcj","charset","","0.3.10","0.3.11","0.3.12","haskell:charset","2023A1680220800","False","","err_not_vulnerable_based_on_repology",""
"packages.x86_64-linux.lenovo-x1-carbon-gen11-debug","github:tiiuae/ghaf?ref=main","current","CVE-2023-52356","https://nvd.nist.gov/vuln/detail/CVE-2023-52356","libtiff","7.5","4.7.0","4.7.0","4.7.0","tiff","2023A0000052356","False","","err_not_vulnerable_based_on_repology",""
"packages.x86_64-linux.lenovo-x1-carbon-gen11-debug","github:tiiuae/ghaf?ref=main","current","CVE-2023-47470","https://nvd.nist.gov/vuln/detail/CVE-2023-47470","ffmpeg","7.8","4.4.5","","","","2023A0000047470","False","","err_missing_repology_version",""
"packages.x86_64-linux.lenovo-x1-carbon-gen11-debug","github:tiiuae/ghaf?ref=main","current","CVE-2023-46407","https://nvd.nist.gov/vuln/detail/CVE-2023-46407","ffmpeg","5.5","4.4.5","","","","2023A0000046407","False","","err_missing_repology_version",""
"packages.x86_64-linux.lenovo-x1-carbon-gen11-debug","github:tiiuae/ghaf?ref=main","current","CVE-2023-46361","https://nvd.nist.gov/vuln/detail/CVE-2023-46361","jbig2dec","6.5","0.20","0.20","0.20","jbig2dec","2023A0000046361","False","","fix_not_available",""
"packages.x86_64-linux.lenovo-x1-carbon-gen11-debug","github:tiiuae/ghaf?ref=main","current","CVE-2023-45853","https://nvd.nist.gov/vuln/detail/CVE-2023-45853","zlib","9.8","0.6.3.0","0.7.1.0","0.7.1.0","haskell:zlib","2023A0000045853","False","","err_not_vulnerable_based_on_repology","https://github.com/NixOS/nixpkgs/pull/262722 
https://github.com/NixOS/nixpkgs/pull/263083"
"packages.x86_64-linux.lenovo-x1-carbon-gen11-debug","github:tiiuae/ghaf?ref=main","current","CVE-2023-40217","https://nvd.nist.gov/vuln/detail/CVE-2023-40217","python","5.3","2.7.18.8","3.13.2","3.13.2","python","2023A0000040217","False","","fix_update_to_version_nixpkgs","https://github.com/NixOS/nixpkgs/pull/108566 
https://github.com/NixOS/nixpkgs/pull/378540"
"packages.x86_64-linux.lenovo-x1-carbon-gen11-debug","github:tiiuae/ghaf?ref=main","current","CVE-2023-37769","https://nvd.nist.gov/vuln/detail/CVE-2023-37769","pixman","6.5","0.44.2","0.44.2","0.44.2","pixman","2023A0000037769","False","See: https://gitlab.freedesktop.org/pixman/pixman/-/issues/76: ""This somehow got assigned CVE-2023-37769, not sure why NVD keeps assigning CVEs like this. This is just a test executable"".","err_not_vulnerable_based_on_repology",""
"packages.x86_64-linux.lenovo-x1-carbon-gen11-debug","github:tiiuae/ghaf?ref=main","current","CVE-2023-36632","https://nvd.nist.gov/vuln/detail/CVE-2023-36632","python","7.5","2.7.18.8","3.13.2","3.13.2","python","2023A0000036632","False","","fix_update_to_version_nixpkgs","https://github.com/NixOS/nixpkgs/pull/108566 
https://github.com/NixOS/nixpkgs/pull/378540"
"packages.x86_64-linux.lenovo-x1-carbon-gen11-debug","github:tiiuae/ghaf?ref=main","current","CVE-2023-27043","https://nvd.nist.gov/vuln/detail/CVE-2023-27043","python","5.3","2.7.18.8","3.13.2","3.13.2","python","2023A0000027043","False","","err_not_vulnerable_based_on_repology","https://github.com/NixOS/nixpkgs/pull/243074 
https://github.com/NixOS/nixpkgs/pull/349408"
"packages.x86_64-linux.lenovo-x1-carbon-gen11-debug","github:tiiuae/ghaf?ref=main","current","CVE-2023-24329","https://nvd.nist.gov/vuln/detail/CVE-2023-24329","python","7.5","2.7.18.8","3.13.2","3.13.2","python","2023A0000024329","False","","fix_update_to_version_nixpkgs","https://github.com/NixOS/nixpkgs/pull/108566 
https://github.com/NixOS/nixpkgs/pull/236448 
https://github.com/NixOS/nixpkgs/pull/378540"
"packages.x86_64-linux.lenovo-x1-carbon-gen11-debug","github:tiiuae/ghaf?ref=main","current","CVE-2023-7216","https://nvd.nist.gov/vuln/detail/CVE-2023-7216","cpio","5.3","2.15","2.15","2.15","cpio","2023A0000007216","False","","err_not_vulnerable_based_on_repology",""
"packages.x86_64-linux.lenovo-x1-carbon-gen11-debug","github:tiiuae/ghaf?ref=main","current","CVE-2023-6597","https://nvd.nist.gov/vuln/detail/CVE-2023-6597","python","7.8","2.7.18.8","3.13.2","3.13.2","python","2023A0000006597","False","","err_not_vulnerable_based_on_repology","https://github.com/NixOS/nixpkgs/pull/298006 
https://github.com/NixOS/nixpkgs/pull/299123 
https://github.com/NixOS/nixpkgs/pull/299125"
"packages.x86_64-linux.lenovo-x1-carbon-gen11-debug","github:tiiuae/ghaf?ref=main","current","CVE-2023-6277","https://nvd.nist.gov/vuln/detail/CVE-2023-6277","libtiff","6.5","4.7.0","4.7.0","4.7.0","tiff","2023A0000006277","False","","err_not_vulnerable_based_on_repology",""
"packages.x86_64-linux.lenovo-x1-carbon-gen11-debug","github:tiiuae/ghaf?ref=main","current","CVE-2023-6228","https://nvd.nist.gov/vuln/detail/CVE-2023-6228","libtiff","3.3","4.7.0","4.7.0","4.7.0","tiff","2023A0000006228","False","","err_not_vulnerable_based_on_repology",""
"packages.x86_64-linux.lenovo-x1-carbon-gen11-debug","github:tiiuae/ghaf?ref=main","current","CVE-2023-5341","https://nvd.nist.gov/vuln/detail/CVE-2023-5341","imagemagick","6.2","7.1.1-43","7.1.1-46","7.1.1.47","imagemagick","2023A0000005341","False","","err_not_vulnerable_based_on_repology",""
"packages.x86_64-linux.lenovo-x1-carbon-gen11-debug","github:tiiuae/ghaf?ref=main","current","CVE-2023-2754","https://nvd.nist.gov/vuln/detail/CVE-2023-2754","warp","7.4","3.3.31","3.4.7","3.4.7","haskell:warp","2023A0000002754","False","","err_not_vulnerable_based_on_repology",""
"packages.x86_64-linux.lenovo-x1-carbon-gen11-debug","github:tiiuae/ghaf?ref=main","current","CVE-2023-2680","https://nvd.nist.gov/vuln/detail/CVE-2023-2680","qemu","7.5","9.2.0","9.2.2","9.2.3","qemu","2023A0000002680","False","","err_not_vulnerable_based_on_repology","https://github.com/NixOS/nixpkgs/pull/305402"
"packages.x86_64-linux.lenovo-x1-carbon-gen11-debug","github:tiiuae/ghaf?ref=main","current","CVE-2023-1862","https://nvd.nist.gov/vuln/detail/CVE-2023-1862","warp","7.3","3.3.31","3.4.7","3.4.7","haskell:warp","2023A0000001862","False","","err_not_vulnerable_based_on_repology",""
"packages.x86_64-linux.lenovo-x1-carbon-gen11-debug","github:tiiuae/ghaf?ref=main","current","CVE-2023-1412","https://nvd.nist.gov/vuln/detail/CVE-2023-1412","warp","7","3.3.31","3.4.7","3.4.7","haskell:warp","2023A0000001412","False","","err_not_vulnerable_based_on_repology",""
"packages.x86_64-linux.lenovo-x1-carbon-gen11-debug","github:tiiuae/ghaf?ref=main","current","OSV-2023-1398","https://osv.dev/OSV-2023-1398","file","","5.46","5.46","5.46","file","2023A0000001398","False","","err_not_vulnerable_based_on_repology",""
"packages.x86_64-linux.lenovo-x1-carbon-gen11-debug","github:tiiuae/ghaf?ref=main","current","CVE-2023-1386","https://nvd.nist.gov/vuln/detail/CVE-2023-1386","qemu","3.3","9.2.0","9.2.2","9.2.3","qemu","2023A0000001386","False","Revisit when fixed upstream: https://github.com/v9fs/linux/issues/29.","fix_not_available",""
"packages.x86_64-linux.lenovo-x1-carbon-gen11-debug","github:tiiuae/ghaf?ref=main","current","OSV-2023-1344","https://osv.dev/OSV-2023-1344","jq","","1.7.1","1.7.1","1.7.1","jq","2023A0000001344","False","","err_not_vulnerable_based_on_repology",""
"packages.x86_64-linux.lenovo-x1-carbon-gen11-debug","github:tiiuae/ghaf?ref=main","current","OSV-2023-1329","https://osv.dev/OSV-2023-1329","jq","","1.7.1","1.7.1","1.7.1","jq","2023A0000001329","False","","err_not_vulnerable_based_on_repology",""
"packages.x86_64-linux.lenovo-x1-carbon-gen11-debug","github:tiiuae/ghaf?ref=main","current","OSV-2023-1307","https://osv.dev/OSV-2023-1307","libbpf","","1.5.0","1.5.0","1.5.0","libbpf","2023A0000001307","False","","err_not_vulnerable_based_on_repology",""
"packages.x86_64-linux.lenovo-x1-carbon-gen11-debug","github:tiiuae/ghaf?ref=main","current","OSV-2023-1129","https://osv.dev/OSV-2023-1129","libheif","","1.18.2","1.18.2","1.19.7","libheif","2023A0000001129","False","","err_not_vulnerable_based_on_repology",""
"packages.x86_64-linux.lenovo-x1-carbon-gen11-debug","github:tiiuae/ghaf?ref=main","current","OSV-2023-877","https://osv.dev/OSV-2023-877","libbpf","","1.5.0","1.5.0","1.5.0","libbpf","2023A0000000877","False","","err_not_vulnerable_based_on_repology",""
"packages.x86_64-linux.lenovo-x1-carbon-gen11-debug","github:tiiuae/ghaf?ref=main","current","OSV-2023-862","https://osv.dev/OSV-2023-862","gstreamer","","1.24.10","1.24.10","1.26.0","gstreamer","2023A0000000862","False","","err_not_vulnerable_based_on_repology",""
"packages.x86_64-linux.lenovo-x1-carbon-gen11-debug","github:tiiuae/ghaf?ref=main","current","OSV-2023-675","https://osv.dev/OSV-2023-675","flac","","1.4.3","1.4.3","1.5.0","flac","2023A0000000675","False","","err_not_vulnerable_based_on_repology",""
"packages.x86_64-linux.lenovo-x1-carbon-gen11-debug","github:tiiuae/ghaf?ref=main","current","CVE-2023-0654","https://nvd.nist.gov/vuln/detail/CVE-2023-0654","warp","3.9","3.3.31","3.4.7","3.4.7","haskell:warp","2023A0000000654","False","","err_not_vulnerable_based_on_repology",""
"packages.x86_64-linux.lenovo-x1-carbon-gen11-debug","github:tiiuae/ghaf?ref=main","current","CVE-2023-0652","https://nvd.nist.gov/vuln/detail/CVE-2023-0652","warp","7","3.3.31","3.4.7","3.4.7","haskell:warp","2023A0000000652","False","","err_not_vulnerable_based_on_repology",""
"packages.x86_64-linux.lenovo-x1-carbon-gen11-debug","github:tiiuae/ghaf?ref=main","current","OSV-2023-395","https://osv.dev/OSV-2023-395","opensc","","0.26.0","0.26.1","0.26.1","opensc","2023A0000000395","False","","err_not_vulnerable_based_on_repology",""
"packages.x86_64-linux.lenovo-x1-carbon-gen11-debug","github:tiiuae/ghaf?ref=main","current","OSV-2023-390","https://osv.dev/OSV-2023-390","qemu","","9.2.0","9.2.2","9.2.3","qemu","2023A0000000390","False","Unclear if this is still valid.","err_not_vulnerable_based_on_repology",""
"packages.x86_64-linux.lenovo-x1-carbon-gen11-debug","github:tiiuae/ghaf?ref=main","current","OSV-2023-364","https://osv.dev/OSV-2023-364","hunspell","","1.7.2","1.7.2","1.7.2","hunspell","2023A0000000364","False","","err_not_vulnerable_based_on_repology",""
"packages.x86_64-linux.lenovo-x1-carbon-gen11-debug","github:tiiuae/ghaf?ref=main","current","OSV-2023-327","https://osv.dev/OSV-2023-327","hunspell","","1.7.2","1.7.2","1.7.2","hunspell","2023A0000000327","False","","err_not_vulnerable_based_on_repology",""
"packages.x86_64-linux.lenovo-x1-carbon-gen11-debug","github:tiiuae/ghaf?ref=main","current","OSV-2023-298","https://osv.dev/OSV-2023-298","cairo","","1.18.2","1.17.13","1.18.4","ruby:cairo","2023A0000000298","False","","err_not_vulnerable_based_on_repology",""
"packages.x86_64-linux.lenovo-x1-carbon-gen11-debug","github:tiiuae/ghaf?ref=main","current","CVE-2023-0238","https://nvd.nist.gov/vuln/detail/CVE-2023-0238","warp","3.9","3.3.31","3.4.7","3.4.7","haskell:warp","2023A0000000238","False","","err_not_vulnerable_based_on_repology",""
"packages.x86_64-linux.lenovo-x1-carbon-gen11-debug","github:tiiuae/ghaf?ref=main","current","OSV-2023-197","https://osv.dev/OSV-2023-197","p11-kit","","0.25.5","0.25.5","0.25.5","p11-kit","2023A0000000197","False","","err_not_vulnerable_based_on_repology",""
"packages.x86_64-linux.lenovo-x1-carbon-gen11-debug","github:tiiuae/ghaf?ref=main","current","OSV-2023-137","https://osv.dev/OSV-2023-137","harfbuzz","","10.1.0","","","","2023A0000000137","True","Based on https://bugs.chromium.org/p/oss-fuzz/issues/detail?id=56510#c2, the issue is fixed in range https://github.com/harfbuzz/harfbuzz/compare/67e01c1292821e7b6fc2ab13acddb84ab41b2187...60841e26187576bff477c1a09ee2ffe544844abc all of which have been merged in 7.1.0.","err_missing_repology_version",""
"packages.x86_64-linux.lenovo-x1-carbon-gen11-debug","github:tiiuae/ghaf?ref=main","current","OSV-2023-34","https://osv.dev/OSV-2023-34","ghostscript","","10.04.0","10.05.0","10.05.0","ghostscript","2023A0000000034","False","","err_not_vulnerable_based_on_repology",""
"packages.x86_64-linux.lenovo-x1-carbon-gen11-debug","github:tiiuae/ghaf?ref=main","current","OSV-2023-14","https://osv.dev/OSV-2023-14","hunspell","","1.7.2","1.7.2","1.7.2","hunspell","2023A0000000014","False","","err_not_vulnerable_based_on_repology",""
"packages.x86_64-linux.lenovo-x1-carbon-gen11-debug","github:tiiuae/ghaf?ref=main","current","CVE-2022-48566","https://nvd.nist.gov/vuln/detail/CVE-2022-48566","python","5.9","2.7.18.8","3.13.2","3.13.2","python","2022A0000048566","False","","fix_update_to_version_nixpkgs","https://github.com/NixOS/nixpkgs/pull/108566 
https://github.com/NixOS/nixpkgs/pull/378540"
"packages.x86_64-linux.lenovo-x1-carbon-gen11-debug","github:tiiuae/ghaf?ref=main","current","CVE-2022-48565","https://nvd.nist.gov/vuln/detail/CVE-2022-48565","python","9.8","2.7.18.8","3.13.2","3.13.2","python","2022A0000048565","False","","fix_update_to_version_nixpkgs","https://github.com/NixOS/nixpkgs/pull/108566 
https://github.com/NixOS/nixpkgs/pull/378540"
"packages.x86_64-linux.lenovo-x1-carbon-gen11-debug","github:tiiuae/ghaf?ref=main","current","CVE-2022-48564","https://nvd.nist.gov/vuln/detail/CVE-2022-48564","python","6.5","2.7.18.8","3.13.2","3.13.2","python","2022A0000048564","False","","fix_update_to_version_nixpkgs","https://github.com/NixOS/nixpkgs/pull/108566 
https://github.com/NixOS/nixpkgs/pull/378540"
"packages.x86_64-linux.lenovo-x1-carbon-gen11-debug","github:tiiuae/ghaf?ref=main","current","CVE-2022-48560","https://nvd.nist.gov/vuln/detail/CVE-2022-48560","python","7.5","2.7.18.8","3.13.2","3.13.2","python","2022A0000048560","False","","fix_update_to_version_nixpkgs","https://github.com/NixOS/nixpkgs/pull/108566 
https://github.com/NixOS/nixpkgs/pull/378540"
"packages.x86_64-linux.lenovo-x1-carbon-gen11-debug","github:tiiuae/ghaf?ref=main","current","CVE-2022-48434","https://nvd.nist.gov/vuln/detail/CVE-2022-48434","ffmpeg","8.1","4.4.5","","","","2022A0000048434","True","Scanners get confused by LTS release versions (non-linear version numbers). Upstream fix patch for 4.4.x is merged in 4.4.3 https://git.ffmpeg.org/gitweb/ffmpeg.git/commit/d4b7b3c03ee2baf0166ce49dff17ec9beff684db.","err_missing_repology_version",""
"packages.x86_64-linux.lenovo-x1-carbon-gen11-debug","github:tiiuae/ghaf?ref=main","current","CVE-2022-45061","https://nvd.nist.gov/vuln/detail/CVE-2022-45061","python","7.5","2.7.18.8","3.13.2","3.13.2","python","2022A0000045061","False","","fix_update_to_version_nixpkgs","https://github.com/NixOS/nixpkgs/pull/201859 
https://github.com/NixOS/nixpkgs/pull/204893 
https://github.com/NixOS/nixpkgs/pull/204900 
https://github.com/NixOS/nixpkgs/pull/204902 
https://github.com/NixOS/nixpkgs/pull/378540"
"packages.x86_64-linux.lenovo-x1-carbon-gen11-debug","github:tiiuae/ghaf?ref=main","current","CVE-2022-43357","https://nvd.nist.gov/vuln/detail/CVE-2022-43357","sassc","7.5","3.6.2","3.6.2","3.6.2","sassc","2022A0000043357","False","","fix_not_available","https://github.com/NixOS/nixpkgs/pull/274726 
https://github.com/NixOS/nixpkgs/pull/275599 
https://github.com/NixOS/nixpkgs/pull/275878"
"packages.x86_64-linux.lenovo-x1-carbon-gen11-debug","github:tiiuae/ghaf?ref=main","current","PYSEC-2022-42969","https://osv.dev/PYSEC-2022-42969","py","","1.11.0","","","","2022A0000042969","True","Same as CVE-2022-42969.","err_missing_repology_version",""
"packages.x86_64-linux.lenovo-x1-carbon-gen11-debug","github:tiiuae/ghaf?ref=main","current","CVE-2022-42969","https://nvd.nist.gov/vuln/detail/CVE-2022-42969","py","5.3","1.11.0","","","","2022A0000042969","True","Disputed upstream: https://github.com/pytest-dev/py/issues/287#issuecomment-1283567565.","err_missing_repology_version",""
"packages.x86_64-linux.lenovo-x1-carbon-gen11-debug","github:tiiuae/ghaf?ref=main","current","CVE-2022-37434","https://nvd.nist.gov/vuln/detail/CVE-2022-37434","zlib","9.8","0.6.3.0","0.7.1.0","0.7.1.0","haskell:zlib","2022A0000037434","False","","err_not_vulnerable_based_on_repology","https://github.com/NixOS/nixpkgs/pull/185554 
https://github.com/NixOS/nixpkgs/pull/185613 
https://github.com/NixOS/nixpkgs/pull/185693 
https://github.com/NixOS/nixpkgs/pull/185754 
https://github.com/NixOS/nixpkgs/pull/370838"
"packages.x86_64-linux.lenovo-x1-carbon-gen11-debug","github:tiiuae/ghaf?ref=main","current","CVE-2022-37416","https://nvd.nist.gov/vuln/detail/CVE-2022-37416","libmpeg2","6.5","0.5.1","","","","2022A0000037416","True","NVD data issue: concerns Android only.","err_missing_repology_version",""
"packages.x86_64-linux.lenovo-x1-carbon-gen11-debug","github:tiiuae/ghaf?ref=main","current","CVE-2022-36073","https://nvd.nist.gov/vuln/detail/CVE-2022-36073","rubygems","8.3","3.5.22","","","","2022A0000036073","True","Latest impacted version in 3.x is 3.0.4.","err_missing_repology_version",""
"packages.x86_64-linux.lenovo-x1-carbon-gen11-debug","github:tiiuae/ghaf?ref=main","current","CVE-2022-32743","https://nvd.nist.gov/vuln/detail/CVE-2022-32743","samba","7.5","4.20.4","4.20.4","4.22.0","samba","2022A0000032743","False","","fix_not_available",""
"packages.x86_64-linux.lenovo-x1-carbon-gen11-debug","github:tiiuae/ghaf?ref=main","current","CVE-2022-26488","https://nvd.nist.gov/vuln/detail/CVE-2022-26488","python","7","2.7.18.8","3.13.2","3.13.2","python","2022A0000026488","False","","err_not_vulnerable_based_on_repology",""
"packages.x86_64-linux.lenovo-x1-carbon-gen11-debug","github:tiiuae/ghaf?ref=main","current","CVE-2022-4457","https://nvd.nist.gov/vuln/detail/CVE-2022-4457","warp","5.5","3.3.31","3.4.7","3.4.7","haskell:warp","2022A0000004457","False","","err_not_vulnerable_based_on_repology",""
"packages.x86_64-linux.lenovo-x1-carbon-gen11-debug","github:tiiuae/ghaf?ref=main","current","CVE-2022-4428","https://nvd.nist.gov/vuln/detail/CVE-2022-4428","warp","8.9","3.3.31","3.4.7","3.4.7","haskell:warp","2022A0000004428","False","","err_not_vulnerable_based_on_repology",""
"packages.x86_64-linux.lenovo-x1-carbon-gen11-debug","github:tiiuae/ghaf?ref=main","current","MAL-2022-4301","https://osv.dev/MAL-2022-4301","libidn2","","2.3.7","","","","2022A0000004301","True","Incorrect package: Issue refers npm libidn2, whereas, nixpkgs refers libidn2 https://gitlab.com/libidn/libidn2.","err_missing_repology_version",""
"packages.x86_64-linux.lenovo-x1-carbon-gen11-debug","github:tiiuae/ghaf?ref=main","current","CVE-2022-3512","https://nvd.nist.gov/vuln/detail/CVE-2022-3512","warp","6.7","3.3.31","3.4.7","3.4.7","haskell:warp","2022A0000003512","False","","err_not_vulnerable_based_on_repology",""
"packages.x86_64-linux.lenovo-x1-carbon-gen11-debug","github:tiiuae/ghaf?ref=main","current","CVE-2022-3341","https://nvd.nist.gov/vuln/detail/CVE-2022-3341","ffmpeg","5.3","4.4.5","","","","2022A0000003341","True","Scanners get confused by LTS release versions (non-linear version numbers). Upstream fix patch for 4.4.x is merged in 4.4.4 https://github.com/FFmpeg/FFmpeg/commit/c513bd48039a718dabf6d7a829efb6732693c04b.","err_missing_repology_version",""
"packages.x86_64-linux.lenovo-x1-carbon-gen11-debug","github:tiiuae/ghaf?ref=main","current","CVE-2022-3320","https://nvd.nist.gov/vuln/detail/CVE-2022-3320","warp","6.7","3.3.31","3.4.7","3.4.7","haskell:warp","2022A0000003320","False","","err_not_vulnerable_based_on_repology",""
"packages.x86_64-linux.lenovo-x1-carbon-gen11-debug","github:tiiuae/ghaf?ref=main","current","CVE-2022-3109","https://nvd.nist.gov/vuln/detail/CVE-2022-3109","ffmpeg","7.5","4.4.5","","","","2022A0000003109","True","Scanners get confused by LTS release versions (non-linear version numbers). Upstream fix patch for 4.4.x is merged in 4.4.4 https://github.com/FFmpeg/FFmpeg/commit/4d82b7bac42c9d35d4f9f145a85e6cbc1fe914f2.","err_missing_repology_version",""
"packages.x86_64-linux.lenovo-x1-carbon-gen11-debug","github:tiiuae/ghaf?ref=main","current","CVE-2022-2225","https://nvd.nist.gov/vuln/detail/CVE-2022-2225","warp","8.1","3.3.31","3.4.7","3.4.7","haskell:warp","2022A0000002225","False","","err_not_vulnerable_based_on_repology",""
"packages.x86_64-linux.lenovo-x1-carbon-gen11-debug","github:tiiuae/ghaf?ref=main","current","CVE-2022-2145","https://nvd.nist.gov/vuln/detail/CVE-2022-2145","warp","5.8","3.3.31","3.4.7","3.4.7","haskell:warp","2022A0000002145","False","","err_not_vulnerable_based_on_repology",""
"packages.x86_64-linux.lenovo-x1-carbon-gen11-debug","github:tiiuae/ghaf?ref=main","current","CVE-2022-1615","https://nvd.nist.gov/vuln/detail/CVE-2022-1615","samba","5.5","4.20.4","4.20.4","4.22.0","samba","2022A0000001615","False","","fix_not_available",""
"packages.x86_64-linux.lenovo-x1-carbon-gen11-debug","github:tiiuae/ghaf?ref=main","current","OSV-2022-1276","https://osv.dev/OSV-2022-1276","openvpn","","2.6.13","2.6.13","2.6.13","openvpn","2022A0000001276","False","","err_not_vulnerable_based_on_repology",""
"packages.x86_64-linux.lenovo-x1-carbon-gen11-debug","github:tiiuae/ghaf?ref=main","current","OSV-2022-1201","https://osv.dev/OSV-2022-1201","opensc","","0.26.0","0.26.1","0.26.1","opensc","2022A0000001201","False","","err_not_vulnerable_based_on_repology",""
"packages.x86_64-linux.lenovo-x1-carbon-gen11-debug","github:tiiuae/ghaf?ref=main","current","OSV-2022-1188","https://osv.dev/OSV-2022-1188","opensc","","0.26.0","0.26.1","0.26.1","opensc","2022A0000001188","False","","err_not_vulnerable_based_on_repology",""
"packages.x86_64-linux.lenovo-x1-carbon-gen11-debug","github:tiiuae/ghaf?ref=main","current","OSV-2022-1108","https://osv.dev/OSV-2022-1108","ruby","","3.3.6","3.4.2","3.4.2","ruby","2022A0000001108","False","","err_not_vulnerable_based_on_repology",""
"packages.x86_64-linux.lenovo-x1-carbon-gen11-debug","github:tiiuae/ghaf?ref=main","current","OSV-2022-908","https://osv.dev/OSV-2022-908","bluez","","5.79","5.79","5.80","bluez","2022A0000000908","False","Unclear if this is still valid.","err_not_vulnerable_based_on_repology",""
"packages.x86_64-linux.lenovo-x1-carbon-gen11-debug","github:tiiuae/ghaf?ref=main","current","OSV-2022-896","https://osv.dev/OSV-2022-896","libsass","","3.6.6","3.6.6","3.6.6","libsass","2022A0000000896","False","Unclear if this is still valid.","err_not_vulnerable_based_on_repology",""
"packages.x86_64-linux.lenovo-x1-carbon-gen11-debug","github:tiiuae/ghaf?ref=main","current","OSV-2022-882","https://osv.dev/OSV-2022-882","hunspell","","1.7.2","1.7.2","1.7.2","hunspell","2022A0000000882","False","","err_not_vulnerable_based_on_repology",""
"packages.x86_64-linux.lenovo-x1-carbon-gen11-debug","github:tiiuae/ghaf?ref=main","current","CVE-2022-0856","https://nvd.nist.gov/vuln/detail/CVE-2022-0856","libcaca","6.5","0.99.beta20","","","","2022A0000000856","True","Crash in CLI tool, no security impact.","err_missing_repology_version",""
"packages.x86_64-linux.lenovo-x1-carbon-gen11-debug","github:tiiuae/ghaf?ref=main","current","OSV-2022-819","https://osv.dev/OSV-2022-819","libraw","","0.21.3","0.21.3","0.21.3","libraw","2022A0000000819","False","","err_not_vulnerable_based_on_repology",""
"packages.x86_64-linux.lenovo-x1-carbon-gen11-debug","github:tiiuae/ghaf?ref=main","current","OSV-2022-785","https://osv.dev/OSV-2022-785","dnsmasq","","2.90","2.90","2.91","dnsmasq","2022A0000000785","False","","err_not_vulnerable_based_on_repology",""
"packages.x86_64-linux.lenovo-x1-carbon-gen11-debug","github:tiiuae/ghaf?ref=main","current","OSV-2022-725","https://osv.dev/OSV-2022-725","libjxl","","0.11.1","0.11.1","0.11.1","libjxl","2022A0000000725","False","Unclear if this is still valid.","err_not_vulnerable_based_on_repology",""
"packages.x86_64-linux.lenovo-x1-carbon-gen11-debug","github:tiiuae/ghaf?ref=main","current","OSV-2022-608","https://osv.dev/OSV-2022-608","libjxl","","0.11.1","0.11.1","0.11.1","libjxl","2022A0000000608","False","Unclear if this is still valid.","err_not_vulnerable_based_on_repology",""
"packages.x86_64-linux.lenovo-x1-carbon-gen11-debug","github:tiiuae/ghaf?ref=main","current","OSV-2022-581","https://osv.dev/OSV-2022-581","qemu","","9.2.0","9.2.2","9.2.3","qemu","2022A0000000581","False","Unclear if this is still valid.","err_not_vulnerable_based_on_repology",""
"packages.x86_64-linux.lenovo-x1-carbon-gen11-debug","github:tiiuae/ghaf?ref=main","current","OSV-2022-572","https://osv.dev/OSV-2022-572","dnsmasq","","2.90","2.90","2.91","dnsmasq","2022A0000000572","False","","err_not_vulnerable_based_on_repology",""
"packages.x86_64-linux.lenovo-x1-carbon-gen11-debug","github:tiiuae/ghaf?ref=main","current","OSV-2022-530","https://osv.dev/OSV-2022-530","espeak-ng","","1.51.1","","","","2022A0000000530","False","Unclear if this is still valid.","err_missing_repology_version",""
"packages.x86_64-linux.lenovo-x1-carbon-gen11-debug","github:tiiuae/ghaf?ref=main","current","OSV-2022-524","https://osv.dev/OSV-2022-524","ghostscript","","10.04.0","10.05.0","10.05.0","ghostscript","2022A0000000524","False","","err_not_vulnerable_based_on_repology",""
"packages.x86_64-linux.lenovo-x1-carbon-gen11-debug","github:tiiuae/ghaf?ref=main","current","OSV-2022-519","https://osv.dev/OSV-2022-519","espeak-ng","","1.51.1","","","","2022A0000000519","False","Unclear if this is still valid.","err_missing_repology_version",""
"packages.x86_64-linux.lenovo-x1-carbon-gen11-debug","github:tiiuae/ghaf?ref=main","current","OSV-2022-462","https://osv.dev/OSV-2022-462","espeak-ng","","1.51.1","","","","2022A0000000462","False","Unclear if this is still valid.","err_missing_repology_version",""
"packages.x86_64-linux.lenovo-x1-carbon-gen11-debug","github:tiiuae/ghaf?ref=main","current","CVE-2022-0391","https://nvd.nist.gov/vuln/detail/CVE-2022-0391","python","7.5","2.7.18.8","3.13.2","3.13.2","python","2022A0000000391","False","","fix_update_to_version_nixpkgs","https://github.com/NixOS/nixpkgs/pull/108566 
https://github.com/NixOS/nixpkgs/pull/203428 
https://github.com/NixOS/nixpkgs/pull/378540"
"packages.x86_64-linux.lenovo-x1-carbon-gen11-debug","github:tiiuae/ghaf?ref=main","current","OSV-2022-312","https://osv.dev/OSV-2022-312","dnsmasq","","2.90","2.90","2.91","dnsmasq","2022A0000000312","False","","err_not_vulnerable_based_on_repology",""
"packages.x86_64-linux.lenovo-x1-carbon-gen11-debug","github:tiiuae/ghaf?ref=main","current","OSV-2022-193","https://osv.dev/OSV-2022-193","w3m","","0.5.3+git20230121","0.5.3+git20230121","0.5.3+git20230121","w3m","2022A0000000193","False","Unclear if this is still valid.","err_not_vulnerable_based_on_repology",""
"packages.x86_64-linux.lenovo-x1-carbon-gen11-debug","github:tiiuae/ghaf?ref=main","current","OSV-2022-126","https://osv.dev/OSV-2022-126","md4c","","0.5.2","0.5.2","0.5.2","md4c","2022A0000000126","False","","err_not_vulnerable_based_on_repology",""
"packages.x86_64-linux.lenovo-x1-carbon-gen11-debug","github:tiiuae/ghaf?ref=main","current","OSV-2022-73","https://osv.dev/OSV-2022-73","ghostscript","","10.04.0","10.05.0","10.05.0","ghostscript","2022A0000000073","False","","err_not_vulnerable_based_on_repology",""
"packages.x86_64-linux.lenovo-x1-carbon-gen11-debug","github:tiiuae/ghaf?ref=main","current","GHSA-rjvj-673q-4hfw","https://osv.dev/GHSA-rjvj-673q-4hfw","traceroute","","2.1.6","","","","2021A1633305600","False","","err_missing_repology_version",""
"packages.x86_64-linux.lenovo-x1-carbon-gen11-debug","github:tiiuae/ghaf?ref=main","current","GHSA-m75h-cghq-c8h5","https://osv.dev/GHSA-m75h-cghq-c8h5","libyaml","","0.1.4","0.1.4","0.1.4","haskell:libyaml","2021A1632355200","False","","err_not_vulnerable_based_on_repology",""
"packages.x86_64-linux.lenovo-x1-carbon-gen11-debug","github:tiiuae/ghaf?ref=main","current","GHSA-pgcr-7wm4-mcv6","https://osv.dev/GHSA-pgcr-7wm4-mcv6","pem","","0.2.4","0.2.4","0.2.4","haskell:pem","2021A1628035200","False","","err_not_vulnerable_based_on_repology",""
"packages.x86_64-linux.lenovo-x1-carbon-gen11-debug","github:tiiuae/ghaf?ref=main","current","CVE-2021-46312","https://nvd.nist.gov/vuln/detail/CVE-2021-46312","djvulibre","6.5","3.5.28","3.5.28","3.5.28","djvulibre","2021A0000046312","False","","fix_not_available",""
"packages.x86_64-linux.lenovo-x1-carbon-gen11-debug","github:tiiuae/ghaf?ref=main","current","CVE-2021-46310","https://nvd.nist.gov/vuln/detail/CVE-2021-46310","djvulibre","6.5","3.5.28","3.5.28","3.5.28","djvulibre","2021A0000046310","False","","fix_not_available",""
"packages.x86_64-linux.lenovo-x1-carbon-gen11-debug","github:tiiuae/ghaf?ref=main","current","CVE-2021-45810","https://nvd.nist.gov/vuln/detail/CVE-2021-45810","globalprotect-openconnect","7.5","1.4.9","1.4.9","2.3.9","globalprotect-openconnect","2021A0000045810","False","","err_not_vulnerable_based_on_repology",""
"packages.x86_64-linux.lenovo-x1-carbon-gen11-debug","github:tiiuae/ghaf?ref=main","current","BIT-lua-2021-43519","https://osv.dev/BIT-lua-2021-43519","lua","","5.2.4","5.4.7","5.4.7","lua","2021A0000043519","False","","err_not_vulnerable_based_on_repology",""
"packages.x86_64-linux.lenovo-x1-carbon-gen11-debug","github:tiiuae/ghaf?ref=main","current","CVE-2021-43519","https://nvd.nist.gov/vuln/detail/CVE-2021-43519","lua","5.5","5.2.4","5.4.7","5.4.7","lua","2021A0000043519","False","","fix_update_to_version_nixpkgs","https://github.com/NixOS/nixpkgs/pull/195329 
https://github.com/NixOS/nixpkgs/pull/195788"
"packages.x86_64-linux.lenovo-x1-carbon-gen11-debug","github:tiiuae/ghaf?ref=main","current","CVE-2021-43138","https://nvd.nist.gov/vuln/detail/CVE-2021-43138","async","7.8","2.2.5","2.2.5","2.2.5","haskell:async","2021A0000043138","False","","err_not_vulnerable_based_on_repology",""
"packages.x86_64-linux.lenovo-x1-carbon-gen11-debug","github:tiiuae/ghaf?ref=main","current","CVE-2021-30499","https://nvd.nist.gov/vuln/detail/CVE-2021-30499","libcaca","7.8","0.99.beta20","","","","2021A0000030499","True","NVD data issue: CPE entry does not correctly state the version numbers. Issue is fixed in v0.99.beta20: https://github.com/cacalabs/libcaca/releases/tag/v0.99.beta20.","err_missing_repology_version",""
"packages.x86_64-linux.lenovo-x1-carbon-gen11-debug","github:tiiuae/ghaf?ref=main","current","CVE-2021-23336","https://nvd.nist.gov/vuln/detail/CVE-2021-23336","python","5.9","2.7.18.8","3.13.2","3.13.2","python","2021A0000023336","False","","fix_update_to_version_nixpkgs","https://github.com/NixOS/nixpkgs/pull/108566 
https://github.com/NixOS/nixpkgs/pull/117037 
https://github.com/NixOS/nixpkgs/pull/117082 
https://github.com/NixOS/nixpkgs/pull/118403 
https://github.com/NixOS/nixpkgs/pull/378540"
"packages.x86_64-linux.lenovo-x1-carbon-gen11-debug","github:tiiuae/ghaf?ref=main","current","CVE-2021-20255","https://nvd.nist.gov/vuln/detail/CVE-2021-20255","qemu","5.5","9.2.0","","","","2021A0000020255","True","Upstream patch not merged: https://lists.gnu.org/archive/html/qemu-devel/2021-02/msg06098.html. No point fixing this in nixpkgs as long as it is not fixed upstream.","err_missing_repology_version",""
"packages.x86_64-linux.lenovo-x1-carbon-gen11-debug","github:tiiuae/ghaf?ref=main","current","CVE-2021-4276","https://nvd.nist.gov/vuln/detail/CVE-2021-4276","hedgehog","4.1","1.4","1.5","1.5","haskell:hedgehog","2021A0000004276","False","","err_not_vulnerable_based_on_repology","https://github.com/NixOS/nixpkgs/pull/192632"
"packages.x86_64-linux.lenovo-x1-carbon-gen11-debug","github:tiiuae/ghaf?ref=main","current","CVE-2021-4048","https://nvd.nist.gov/vuln/detail/CVE-2021-4048","lapack","9.1","3","3.12.1","3.12.1","lapack","2021A0000004048","False","","fix_update_to_version_nixpkgs","https://github.com/NixOS/nixpkgs/pull/150788 
https://github.com/NixOS/nixpkgs/pull/150906 
https://github.com/NixOS/nixpkgs/pull/152147 
https://github.com/NixOS/nixpkgs/pull/152359 
https://github.com/NixOS/nixpkgs/pull/168777"
"packages.x86_64-linux.lenovo-x1-carbon-gen11-debug","github:tiiuae/ghaf?ref=main","current","CVE-2021-3733","https://nvd.nist.gov/vuln/detail/CVE-2021-3733","python","6.5","2.7.18.8","3.13.2","3.13.2","python","2021A0000003733","False","","fix_update_to_version_nixpkgs","https://github.com/NixOS/nixpkgs/pull/108566 
https://github.com/NixOS/nixpkgs/pull/203428 
https://github.com/NixOS/nixpkgs/pull/378540"
"packages.x86_64-linux.lenovo-x1-carbon-gen11-debug","github:tiiuae/ghaf?ref=main","current","CVE-2021-3670","https://nvd.nist.gov/vuln/detail/CVE-2021-3670","samba","6.5","4.20.4","4.20.4","4.22.0","samba","2021A0000003670","False","","fix_not_available",""
"packages.x86_64-linux.lenovo-x1-carbon-gen11-debug","github:tiiuae/ghaf?ref=main","current","CVE-2021-3177","https://nvd.nist.gov/vuln/detail/CVE-2021-3177","python","9.8","2.7.18.8","3.13.2","3.13.2","python","2021A0000003177","False","","err_not_vulnerable_based_on_repology","https://github.com/NixOS/nixpkgs/pull/201859"
"packages.x86_64-linux.lenovo-x1-carbon-gen11-debug","github:tiiuae/ghaf?ref=main","current","OSV-2021-1157","https://osv.dev/OSV-2021-1157","espeak-ng","","1.51.1","","","","2021A0000001157","False","Unclear if this is still valid.","err_missing_repology_version",""
"packages.x86_64-linux.lenovo-x1-carbon-gen11-debug","github:tiiuae/ghaf?ref=main","current","OSV-2021-1141","https://osv.dev/OSV-2021-1141","espeak-ng","","1.51.1","","","","2021A0000001141","False","Unclear if this is still valid.","err_missing_repology_version",""
"packages.x86_64-linux.lenovo-x1-carbon-gen11-debug","github:tiiuae/ghaf?ref=main","current","OSV-2021-1110","https://osv.dev/OSV-2021-1110","espeak-ng","","1.51.1","","","","2021A0000001110","False","Unclear if this is still valid.","err_missing_repology_version",""
"packages.x86_64-linux.lenovo-x1-carbon-gen11-debug","github:tiiuae/ghaf?ref=main","current","OSV-2021-1041","https://osv.dev/OSV-2021-1041","espeak-ng","","1.51.1","","","","2021A0000001041","False","Unclear if this is still valid.","err_missing_repology_version",""
"packages.x86_64-linux.lenovo-x1-carbon-gen11-debug","github:tiiuae/ghaf?ref=main","current","OSV-2021-1024","https://osv.dev/OSV-2021-1024","espeak-ng","","1.51.1","","","","2021A0000001024","False","Unclear if this is still valid.","err_missing_repology_version",""
"packages.x86_64-linux.lenovo-x1-carbon-gen11-debug","github:tiiuae/ghaf?ref=main","current","OSV-2021-820","https://osv.dev/OSV-2021-820","qemu","","9.2.0","","","","2021A0000000820","True","Fixed based on https://bugs.chromium.org/p/oss-fuzz/issues/detail?id=34831#c2.","err_missing_repology_version",""
"packages.x86_64-linux.lenovo-x1-carbon-gen11-debug","github:tiiuae/ghaf?ref=main","current","OSV-2021-802","https://osv.dev/OSV-2021-802","espeak-ng","","1.51.1","","","","2021A0000000802","False","Unclear if this is still valid.","err_missing_repology_version",""
"packages.x86_64-linux.lenovo-x1-carbon-gen11-debug","github:tiiuae/ghaf?ref=main","current","OSV-2021-787","https://osv.dev/OSV-2021-787","espeak-ng","","1.51.1","","","","2021A0000000787","False","Unclear if this is still valid.","err_missing_repology_version",""
"packages.x86_64-linux.lenovo-x1-carbon-gen11-debug","github:tiiuae/ghaf?ref=main","current","OSV-2021-777","https://osv.dev/OSV-2021-777","libxml2","","2.13.5","","","","2021A0000000777","True","Fixed by https://gitlab.gnome.org/GNOME/libxml2/-/commit/8f5ccada05ddd4a1ff8e399ad39fc7cd4bd33325, which went to 2.9.13. Therefore, this issue is fixed in 2.10.4.","err_missing_repology_version",""
"packages.x86_64-linux.lenovo-x1-carbon-gen11-debug","github:tiiuae/ghaf?ref=main","current","OSV-2021-765","https://osv.dev/OSV-2021-765","espeak-ng","","1.51.1","","","","2021A0000000765","False","Unclear if this is still valid.","err_missing_repology_version",""
"packages.x86_64-linux.lenovo-x1-carbon-gen11-debug","github:tiiuae/ghaf?ref=main","current","OSV-2021-508","https://osv.dev/OSV-2021-508","libsass","","3.6.6","3.6.6","3.6.6","libsass","2021A0000000508","False","Unclear if this is still valid.","err_not_vulnerable_based_on_repology",""
"packages.x86_64-linux.lenovo-x1-carbon-gen11-debug","github:tiiuae/ghaf?ref=main","current","CVE-2020-26304","https://nvd.nist.gov/vuln/detail/CVE-2020-26304","foundation","7.5","0.0.30","0.0.30","0.0.30","haskell:foundation","2020A0000026304","False","","err_not_vulnerable_based_on_repology",""
"packages.x86_64-linux.lenovo-x1-carbon-gen11-debug","github:tiiuae/ghaf?ref=main","current","CVE-2020-24490","https://nvd.nist.gov/vuln/detail/CVE-2020-24490","bluez","6.5","5.79","","","","2020A0000024490","True","Fixed in linux kernel (5.8) with: https://git.kernel.org/pub/scm/linux/kernel/git/bluetooth/bluetooth-next.git/commit/?id=a2ec905d1e160a33b2e210e45ad30445ef26ce0e.","err_missing_repology_version",""
"packages.x86_64-linux.lenovo-x1-carbon-gen11-debug","github:tiiuae/ghaf?ref=main","current","CVE-2020-18781","https://nvd.nist.gov/vuln/detail/CVE-2020-18781","audiofile","5.5","0.3.6","0.3.6","0.3.6","audiofile","2020A0000018781","False","","fix_not_available",""
"packages.x86_64-linux.lenovo-x1-carbon-gen11-debug","github:tiiuae/ghaf?ref=main","current","CVE-2020-13529","https://nvd.nist.gov/vuln/detail/CVE-2020-13529","systemd","","257.2","257.3","257.4","systemd","2020A0000013529","False","","err_not_vulnerable_based_on_repology","https://github.com/NixOS/nixpkgs/pull/127461"
"packages.x86_64-linux.lenovo-x1-carbon-gen11-debug","github:tiiuae/ghaf?ref=main","current","CVE-2020-11105","https://nvd.nist.gov/vuln/detail/CVE-2020-11105","cereal","9.8","0.5.8.3","0.5.8.3","0.5.8.3","haskell:cereal","2020A0000011105","False","","err_not_vulnerable_based_on_repology","https://github.com/NixOS/nixpkgs/pull/121574 
https://github.com/NixOS/nixpkgs/pull/84664"
"packages.x86_64-linux.lenovo-x1-carbon-gen11-debug","github:tiiuae/ghaf?ref=main","current","CVE-2020-11104","https://nvd.nist.gov/vuln/detail/CVE-2020-11104","cereal","5.3","0.5.8.3","0.5.8.3","0.5.8.3","haskell:cereal","2020A0000011104","False","","err_not_vulnerable_based_on_repology",""
"packages.x86_64-linux.lenovo-x1-carbon-gen11-debug","github:tiiuae/ghaf?ref=main","current","OSV-2020-2308","https://osv.dev/OSV-2020-2308","libheif","","1.18.2","1.18.2","1.19.7","libheif","2020A0000002308","False","","err_not_vulnerable_based_on_repology",""
"packages.x86_64-linux.lenovo-x1-carbon-gen11-debug","github:tiiuae/ghaf?ref=main","current","OSV-2020-1420","https://osv.dev/OSV-2020-1420","libsass","","3.6.6","3.6.6","3.6.6","libsass","2020A0000001420","False","","err_not_vulnerable_based_on_repology",""
"packages.x86_64-linux.lenovo-x1-carbon-gen11-debug","github:tiiuae/ghaf?ref=main","current","OSV-2020-862","https://osv.dev/OSV-2020-862","libsass","","3.6.6","3.6.6","3.6.6","libsass","2020A0000000862","False","","err_not_vulnerable_based_on_repology",""
"packages.x86_64-linux.lenovo-x1-carbon-gen11-debug","github:tiiuae/ghaf?ref=main","current","CVE-2019-1010258","https://nvd.nist.gov/vuln/detail/CVE-2019-1010258","nanosvg","6.5","0-unstable-2024-12-19","","","","2019A0001010258","False","","err_missing_repology_version",""
"packages.x86_64-linux.lenovo-x1-carbon-gen11-debug","github:tiiuae/ghaf?ref=main","current","CVE-2019-20633","https://nvd.nist.gov/vuln/detail/CVE-2019-20633","patch","5.5","2.7.6","","","","2019A0000020633","True","Upstream patch is not merged: https://savannah.gnu.org/bugs/index.php?56683. Not sure why this isn't fixed upstream. No point fixing this in nixpkgs as long as it is not fixed upstream.","err_missing_repology_version",""
"packages.x86_64-linux.lenovo-x1-carbon-gen11-debug","github:tiiuae/ghaf?ref=main","current","CVE-2019-14587","https://nvd.nist.gov/vuln/detail/CVE-2019-14587","edk2","6.5","202411","","","","2019A0000014587","True","NVD data issue: CPE entry does not correctly state the version numbers.","err_missing_repology_version",""
"packages.x86_64-linux.lenovo-x1-carbon-gen11-debug","github:tiiuae/ghaf?ref=main","current","CVE-2019-14586","https://nvd.nist.gov/vuln/detail/CVE-2019-14586","edk2","8","202411","","","","2019A0000014586","True","NVD data issue: CPE entry does not correctly state the version numbers.","err_missing_repology_version",""
"packages.x86_64-linux.lenovo-x1-carbon-gen11-debug","github:tiiuae/ghaf?ref=main","current","CVE-2019-14575","https://nvd.nist.gov/vuln/detail/CVE-2019-14575","edk2","7.8","202411","","","","2019A0000014575","True","NVD data issue: CPE entry does not correctly state the version numbers.","err_missing_repology_version",""
"packages.x86_64-linux.lenovo-x1-carbon-gen11-debug","github:tiiuae/ghaf?ref=main","current","CVE-2019-14563","https://nvd.nist.gov/vuln/detail/CVE-2019-14563","edk2","7.8","202411","","","","2019A0000014563","True","NVD data issue: CPE entry does not correctly state the version numbers.","err_missing_repology_version",""
"packages.x86_64-linux.lenovo-x1-carbon-gen11-debug","github:tiiuae/ghaf?ref=main","current","CVE-2019-14562","https://nvd.nist.gov/vuln/detail/CVE-2019-14562","edk2","5.5","202411","","","","2019A0000014562","True","NVD data issue: CPE entry does not correctly state the version numbers.","err_missing_repology_version",""
"packages.x86_64-linux.lenovo-x1-carbon-gen11-debug","github:tiiuae/ghaf?ref=main","current","CVE-2019-14559","https://nvd.nist.gov/vuln/detail/CVE-2019-14559","edk2","7.5","202411","","","","2019A0000014559","True","NVD data issue: CPE entry does not correctly state the version numbers.","err_missing_repology_version",""
"packages.x86_64-linux.lenovo-x1-carbon-gen11-debug","github:tiiuae/ghaf?ref=main","current","CVE-2019-14553","https://nvd.nist.gov/vuln/detail/CVE-2019-14553","edk2","4.9","202411","","","","2019A0000014553","True","NVD data issue: CPE entry does not correctly state the version numbers.","err_missing_repology_version",""
"packages.x86_64-linux.lenovo-x1-carbon-gen11-debug","github:tiiuae/ghaf?ref=main","current","CVE-2019-12067","https://nvd.nist.gov/vuln/detail/CVE-2019-12067","qemu","6.5","9.2.0","","","","2019A0000012067","True","NVD data issue: CPE entry does not correctly state the version numbers.","err_missing_repology_version",""
"packages.x86_64-linux.lenovo-x1-carbon-gen11-debug","github:tiiuae/ghaf?ref=main","current","CVE-2019-10010","https://nvd.nist.gov/vuln/detail/CVE-2019-10010","commonmark","6.1","0.2.6.1","0.2.6.1","0.2.6.1","haskell:commonmark","2019A0000010010","False","","err_not_vulnerable_based_on_repology",""
"packages.x86_64-linux.lenovo-x1-carbon-gen11-debug","github:tiiuae/ghaf?ref=main","current","CVE-2019-9674","https://nvd.nist.gov/vuln/detail/CVE-2019-9674","python","7.5","2.7.18.8","3.13.2","3.13.2","python","2019A0000009674","False","","fix_update_to_version_nixpkgs","https://github.com/NixOS/nixpkgs/pull/108566 
https://github.com/NixOS/nixpkgs/pull/378540"
"packages.x86_64-linux.lenovo-x1-carbon-gen11-debug","github:tiiuae/ghaf?ref=main","current","CVE-2019-6470","https://nvd.nist.gov/vuln/detail/CVE-2019-6470","bind","6.5","9.18.33","","","","2019A0000006470","True","Not valid: https://github.com/NixOS/nixpkgs/issues/73617#issuecomment-569491606.","err_missing_repology_version",""
"packages.x86_64-linux.lenovo-x1-carbon-gen11-debug","github:tiiuae/ghaf?ref=main","current","RUSTSEC-2019-0006","https://osv.dev/RUSTSEC-2019-0006","ncurses","","6.4.20221231","6.5","6.5","ncurses","2019A0000000006","False","","err_not_vulnerable_based_on_repology",""
"packages.x86_64-linux.lenovo-x1-carbon-gen11-debug","github:tiiuae/ghaf?ref=main","current","CVE-2018-25032","https://nvd.nist.gov/vuln/detail/CVE-2018-25032","zlib","7.5","0.6.3.0","0.7.1.0","0.7.1.0","haskell:zlib","2018A0000025032","False","","err_not_vulnerable_based_on_repology","https://github.com/NixOS/nixpkgs/pull/165642 
https://github.com/NixOS/nixpkgs/pull/166451 
https://github.com/NixOS/nixpkgs/pull/167084 
https://github.com/NixOS/nixpkgs/pull/205374"
"packages.x86_64-linux.lenovo-x1-carbon-gen11-debug","github:tiiuae/ghaf?ref=main","current","CVE-2018-18438","https://nvd.nist.gov/vuln/detail/CVE-2018-18438","qemu","5.5","9.2.0","","","","2018A0000018438","True","NVD data issue: CPE entry does not correctly state the version numbers.","err_missing_repology_version",""
"packages.x86_64-linux.lenovo-x1-carbon-gen11-debug","github:tiiuae/ghaf?ref=main","current","CVE-2018-13162","https://nvd.nist.gov/vuln/detail/CVE-2018-13162","alex","7.5","3.4.0.1","3.4.0.1","3.5.2.0","alex","2018A0000013162","False","","err_not_vulnerable_based_on_repology",""
"packages.x86_64-linux.lenovo-x1-carbon-gen11-debug","github:tiiuae/ghaf?ref=main","current","CVE-2018-7263","https://nvd.nist.gov/vuln/detail/CVE-2018-7263","libmad","9.8","0.15.1b","","","","2018A0000007263","True","Based on https://github.com/NixOS/nixpkgs/issues/57154, issue is fixed by https://github.com/NixOS/nixpkgs/commit/92edb0610923fab5a9dcc59b94652f1e8a5ea1ed.","err_missing_repology_version",""
"packages.x86_64-linux.lenovo-x1-carbon-gen11-debug","github:tiiuae/ghaf?ref=main","current","CVE-2018-6553","https://nvd.nist.gov/vuln/detail/CVE-2018-6553","cups","8.8","2.4.11","","","","2018A0000006553","True","NVD data issue: CPE entry does not correctly state the version numbers.","err_missing_repology_version",""
"packages.x86_64-linux.lenovo-x1-carbon-gen11-debug","github:tiiuae/ghaf?ref=main","current","CVE-2018-5996","https://nvd.nist.gov/vuln/detail/CVE-2018-5996","p7zip","7.8","17.06","17.06","17.06","p7zip","2018A0000005996","False","","fix_not_available",""
"packages.x86_64-linux.lenovo-x1-carbon-gen11-debug","github:tiiuae/ghaf?ref=main","current","CVE-2017-18589","https://nvd.nist.gov/vuln/detail/CVE-2017-18589","cookie","7.5","0.4.6","0.5.0","0.5.0","haskell:cookie","2017A0000018589","False","","err_not_vulnerable_based_on_repology",""
"packages.x86_64-linux.lenovo-x1-carbon-gen11-debug","github:tiiuae/ghaf?ref=main","current","CVE-2017-18207","https://nvd.nist.gov/vuln/detail/CVE-2017-18207","python","6.5","2.7.18.8","3.13.2","3.13.2","python","2017A0000018207","False","","fix_update_to_version_nixpkgs","https://github.com/NixOS/nixpkgs/pull/108566 
https://github.com/NixOS/nixpkgs/pull/378540"
"packages.x86_64-linux.lenovo-x1-carbon-gen11-debug","github:tiiuae/ghaf?ref=main","current","CVE-2017-17969","https://nvd.nist.gov/vuln/detail/CVE-2017-17969","p7zip","7.8","17.06","17.06","17.06","p7zip","2017A0000017969","False","","fix_not_available",""
"packages.x86_64-linux.lenovo-x1-carbon-gen11-debug","github:tiiuae/ghaf?ref=main","current","CVE-2017-17522","https://nvd.nist.gov/vuln/detail/CVE-2017-17522","python","8.8","2.7.18.8","3.13.2","3.13.2","python","2017A0000017522","False","","fix_update_to_version_nixpkgs","https://github.com/NixOS/nixpkgs/pull/108566 
https://github.com/NixOS/nixpkgs/pull/378540"
"packages.x86_64-linux.lenovo-x1-carbon-gen11-debug","github:tiiuae/ghaf?ref=main","current","CVE-2017-12652","https://nvd.nist.gov/vuln/detail/CVE-2017-12652","libpng","9.8","1.2.59","1.6.46","1.6.47","libpng","2017A0000012652","False","","fix_update_to_version_nixpkgs","https://github.com/NixOS/nixpkgs/pull/373737 
https://github.com/NixOS/nixpkgs/pull/70286 
https://github.com/NixOS/nixpkgs/pull/70423 
https://github.com/NixOS/nixpkgs/pull/70425"
"packages.x86_64-linux.lenovo-x1-carbon-gen11-debug","github:tiiuae/ghaf?ref=main","current","CVE-2017-5628","https://nvd.nist.gov/vuln/detail/CVE-2017-5628","mujs","7.8","1.3.5","","","","2017A0000005628","True","NVD data issue: CPE entry does not correctly state the version numbers.","err_missing_repology_version",""
"packages.x86_64-linux.lenovo-x1-carbon-gen11-debug","github:tiiuae/ghaf?ref=main","current","CVE-2017-5627","https://nvd.nist.gov/vuln/detail/CVE-2017-5627","mujs","7.8","1.3.5","","","","2017A0000005627","True","NVD data issue: CPE entry does not correctly state the version numbers.","err_missing_repology_version",""
"packages.x86_64-linux.lenovo-x1-carbon-gen11-debug","github:tiiuae/ghaf?ref=main","current","CVE-2017-5506","https://nvd.nist.gov/vuln/detail/CVE-2017-5506","imagemagick","7.8","7.1.1-43","7.1.1-46","7.1.1.47","imagemagick","2017A0000005506","False","","err_not_vulnerable_based_on_repology",""
"packages.x86_64-linux.lenovo-x1-carbon-gen11-debug","github:tiiuae/ghaf?ref=main","current","CVE-2017-5436","https://nvd.nist.gov/vuln/detail/CVE-2017-5436","graphite2","8.8","1.3.14","","","","2017A0000005436","True","NVD data issue: CPE entry does not correctly state the version numbers.","err_missing_repology_version",""
"packages.x86_64-linux.lenovo-x1-carbon-gen11-debug","github:tiiuae/ghaf?ref=main","current","CVE-2016-10141","https://nvd.nist.gov/vuln/detail/CVE-2016-10141","mujs","9.8","1.3.5","","","","2016A0000010141","True","NVD data issue: CPE entry does not correctly state the version numbers.","err_missing_repology_version",""
"packages.x86_64-linux.lenovo-x1-carbon-gen11-debug","github:tiiuae/ghaf?ref=main","current","CVE-2016-10133","https://nvd.nist.gov/vuln/detail/CVE-2016-10133","mujs","9.8","1.3.5","","","","2016A0000010133","True","NVD data issue: CPE entry does not correctly state the version numbers.","err_missing_repology_version",""
"packages.x86_64-linux.lenovo-x1-carbon-gen11-debug","github:tiiuae/ghaf?ref=main","current","CVE-2016-10132","https://nvd.nist.gov/vuln/detail/CVE-2016-10132","mujs","7.5","1.3.5","","","","2016A0000010132","True","NVD data issue: CPE entry does not correctly state the version numbers.","err_missing_repology_version",""
"packages.x86_64-linux.lenovo-x1-carbon-gen11-debug","github:tiiuae/ghaf?ref=main","current","CVE-2016-9294","https://nvd.nist.gov/vuln/detail/CVE-2016-9294","mujs","7.5","1.3.5","","","","2016A0000009294","True","NVD data issue: CPE entry does not correctly state the version numbers.","err_missing_repology_version",""
"packages.x86_64-linux.lenovo-x1-carbon-gen11-debug","github:tiiuae/ghaf?ref=main","current","CVE-2016-9136","https://nvd.nist.gov/vuln/detail/CVE-2016-9136","mujs","7.5","1.3.5","","","","2016A0000009136","True","NVD data issue: CPE entry does not correctly state the version numbers.","err_missing_repology_version",""
"packages.x86_64-linux.lenovo-x1-carbon-gen11-debug","github:tiiuae/ghaf?ref=main","current","CVE-2016-9109","https://nvd.nist.gov/vuln/detail/CVE-2016-9109","mujs","7.5","1.3.5","","","","2016A0000009109","True","NVD data issue: CPE entry does not correctly state the version numbers.","err_missing_repology_version",""
"packages.x86_64-linux.lenovo-x1-carbon-gen11-debug","github:tiiuae/ghaf?ref=main","current","CVE-2016-9108","https://nvd.nist.gov/vuln/detail/CVE-2016-9108","mujs","7.5","1.3.5","","","","2016A0000009108","True","NVD data issue: CPE entry does not correctly state the version numbers.","err_missing_repology_version",""
"packages.x86_64-linux.lenovo-x1-carbon-gen11-debug","github:tiiuae/ghaf?ref=main","current","CVE-2016-9017","https://nvd.nist.gov/vuln/detail/CVE-2016-9017","mujs","7.5","1.3.5","","","","2016A0000009017","True","NVD data issue: CPE entry does not correctly state the version numbers.","err_missing_repology_version",""
"packages.x86_64-linux.lenovo-x1-carbon-gen11-debug","github:tiiuae/ghaf?ref=main","current","CVE-2016-7564","https://nvd.nist.gov/vuln/detail/CVE-2016-7564","mujs","7.5","1.3.5","","","","2016A0000007564","True","NVD data issue: CPE entry does not correctly state the version numbers.","err_missing_repology_version",""
"packages.x86_64-linux.lenovo-x1-carbon-gen11-debug","github:tiiuae/ghaf?ref=main","current","CVE-2016-7563","https://nvd.nist.gov/vuln/detail/CVE-2016-7563","mujs","7.5","1.3.5","","","","2016A0000007563","True","NVD data issue: CPE entry does not correctly state the version numbers.","err_missing_repology_version",""
"packages.x86_64-linux.lenovo-x1-carbon-gen11-debug","github:tiiuae/ghaf?ref=main","current","CVE-2016-7538","https://nvd.nist.gov/vuln/detail/CVE-2016-7538","imagemagick","6.5","7.1.1-43","7.1.1-46","7.1.1.47","imagemagick","2016A0000007538","False","","err_not_vulnerable_based_on_repology",""
"packages.x86_64-linux.lenovo-x1-carbon-gen11-debug","github:tiiuae/ghaf?ref=main","current","CVE-2016-7506","https://nvd.nist.gov/vuln/detail/CVE-2016-7506","mujs","7.5","1.3.5","","","","2016A0000007506","True","NVD data issue: CPE entry does not correctly state the version numbers.","err_missing_repology_version",""
"packages.x86_64-linux.lenovo-x1-carbon-gen11-debug","github:tiiuae/ghaf?ref=main","current","CVE-2016-7504","https://nvd.nist.gov/vuln/detail/CVE-2016-7504","mujs","9.8","1.3.5","","","","2016A0000007504","True","NVD data issue: CPE entry does not correctly state the version numbers.","err_missing_repology_version",""
"packages.x86_64-linux.lenovo-x1-carbon-gen11-debug","github:tiiuae/ghaf?ref=main","current","CVE-2016-6131","https://nvd.nist.gov/vuln/detail/CVE-2016-6131","libiberty","7.5","14-20241116","","","","2016A0000006131","True","NVD data issue: CPE entry does not correctly state the version numbers.","err_missing_repology_version",""
"packages.x86_64-linux.lenovo-x1-carbon-gen11-debug","github:tiiuae/ghaf?ref=main","current","CVE-2016-4493","https://nvd.nist.gov/vuln/detail/CVE-2016-4493","libiberty","5.5","14-20241116","","","","2016A0000004493","True","NVD data issue: CPE entry does not correctly state the version numbers.","err_missing_repology_version",""
"packages.x86_64-linux.lenovo-x1-carbon-gen11-debug","github:tiiuae/ghaf?ref=main","current","CVE-2016-4492","https://nvd.nist.gov/vuln/detail/CVE-2016-4492","libiberty","4.4","14-20241116","","","","2016A0000004492","True","NVD data issue: CPE entry does not correctly state the version numbers.","err_missing_repology_version",""
"packages.x86_64-linux.lenovo-x1-carbon-gen11-debug","github:tiiuae/ghaf?ref=main","current","CVE-2016-4491","https://nvd.nist.gov/vuln/detail/CVE-2016-4491","libiberty","5.5","14-20241116","","","","2016A0000004491","True","NVD data issue: CPE entry does not correctly state the version numbers.","err_missing_repology_version",""
"packages.x86_64-linux.lenovo-x1-carbon-gen11-debug","github:tiiuae/ghaf?ref=main","current","CVE-2016-4490","https://nvd.nist.gov/vuln/detail/CVE-2016-4490","libiberty","5.5","14-20241116","","","","2016A0000004490","True","NVD data issue: CPE entry does not correctly state the version numbers.","err_missing_repology_version",""
"packages.x86_64-linux.lenovo-x1-carbon-gen11-debug","github:tiiuae/ghaf?ref=main","current","CVE-2016-4489","https://nvd.nist.gov/vuln/detail/CVE-2016-4489","libiberty","5.5","14-20241116","","","","2016A0000004489","True","NVD data issue: CPE entry does not correctly state the version numbers.","err_missing_repology_version",""
"packages.x86_64-linux.lenovo-x1-carbon-gen11-debug","github:tiiuae/ghaf?ref=main","current","CVE-2016-4488","https://nvd.nist.gov/vuln/detail/CVE-2016-4488","libiberty","5.5","14-20241116","","","","2016A0000004488","True","NVD data issue: CPE entry does not correctly state the version numbers.","err_missing_repology_version",""
"packages.x86_64-linux.lenovo-x1-carbon-gen11-debug","github:tiiuae/ghaf?ref=main","current","CVE-2016-4487","https://nvd.nist.gov/vuln/detail/CVE-2016-4487","libiberty","5.5","14-20241116","","","","2016A0000004487","True","NVD data issue: CPE entry does not correctly state the version numbers.","err_missing_repology_version",""
"packages.x86_64-linux.lenovo-x1-carbon-gen11-debug","github:tiiuae/ghaf?ref=main","current","CVE-2016-3751","https://nvd.nist.gov/vuln/detail/CVE-2016-3751","libpng","7.8","1.2.59","1.6.46","1.6.47","libpng","2016A0000003751","False","","fix_update_to_version_nixpkgs","https://github.com/NixOS/nixpkgs/pull/373737"
"packages.x86_64-linux.lenovo-x1-carbon-gen11-debug","github:tiiuae/ghaf?ref=main","current","CVE-2016-2781","https://nvd.nist.gov/vuln/detail/CVE-2016-2781","coreutils","6.5","9.5","","","","2016A0000002781","True","NVD data issue: CPE entry does not correctly state the version numbers.","err_missing_repology_version",""
"packages.x86_64-linux.lenovo-x1-carbon-gen11-debug","github:tiiuae/ghaf?ref=main","current","CVE-2016-2226","https://nvd.nist.gov/vuln/detail/CVE-2016-2226","libiberty","7.8","14-20241116","","","","2016A0000002226","True","NVD data issue: CPE entry does not correctly state the version numbers.","err_missing_repology_version",""
"packages.x86_64-linux.lenovo-x1-carbon-gen11-debug","github:tiiuae/ghaf?ref=main","current","CVE-2015-7777","https://nvd.nist.gov/vuln/detail/CVE-2015-7777","void","","0.7.3","0.7.3","0.7.3","haskell:void","2015A0000007777","False","","err_not_vulnerable_based_on_repology",""
"packages.x86_64-linux.lenovo-x1-carbon-gen11-debug","github:tiiuae/ghaf?ref=main","current","CVE-2015-7313","https://nvd.nist.gov/vuln/detail/CVE-2015-7313","libtiff","5.5","4.7.0","","","","2015A0000007313","True","NVD data issue: CPE entry does not correctly state the version numbers.","err_missing_repology_version",""
"packages.x86_64-linux.lenovo-x1-carbon-gen11-debug","github:tiiuae/ghaf?ref=main","current","CVE-2015-5652","https://nvd.nist.gov/vuln/detail/CVE-2015-5652","python","","2.7.18.8","3.13.2","3.13.2","python","2015A0000005652","False","","err_not_vulnerable_based_on_repology",""
"packages.x86_64-linux.lenovo-x1-carbon-gen11-debug","github:tiiuae/ghaf?ref=main","current","CVE-2015-4156","https://nvd.nist.gov/vuln/detail/CVE-2015-4156","parallel","","3.2.2.0","3.2.2.0","3.2.2.0","haskell:parallel","2015A0000004156","False","","err_not_vulnerable_based_on_repology",""
"packages.x86_64-linux.lenovo-x1-carbon-gen11-debug","github:tiiuae/ghaf?ref=main","current","CVE-2015-4155","https://nvd.nist.gov/vuln/detail/CVE-2015-4155","parallel","","3.2.2.0","3.2.2.0","3.2.2.0","haskell:parallel","2015A0000004155","False","","err_not_vulnerable_based_on_repology",""
"packages.x86_64-linux.lenovo-x1-carbon-gen11-debug","github:tiiuae/ghaf?ref=main","current","CVE-2015-0973","https://nvd.nist.gov/vuln/detail/CVE-2015-0973","libpng","","1.2.59","1.6.46","1.6.47","libpng","2015A0000000973","False","","fix_update_to_version_nixpkgs","https://github.com/NixOS/nixpkgs/pull/373737"
"packages.x86_64-linux.lenovo-x1-carbon-gen11-debug","github:tiiuae/ghaf?ref=main","current","CVE-2014-9826","https://nvd.nist.gov/vuln/detail/CVE-2014-9826","imagemagick","9.8","7.1.1-43","7.1.1-46","7.1.1.47","imagemagick","2014A0000009826","False","","err_not_vulnerable_based_on_repology",""
"packages.x86_64-linux.lenovo-x1-carbon-gen11-debug","github:tiiuae/ghaf?ref=main","current","CVE-2014-9495","https://nvd.nist.gov/vuln/detail/CVE-2014-9495","libpng","","1.2.59","1.6.46","1.6.47","libpng","2014A0000009495","False","","fix_update_to_version_nixpkgs","https://github.com/NixOS/nixpkgs/pull/373737"
"packages.x86_64-linux.lenovo-x1-carbon-gen11-debug","github:tiiuae/ghaf?ref=main","current","CVE-2014-4860","https://nvd.nist.gov/vuln/detail/CVE-2014-4860","edk2","6.8","202411","","","","2014A0000004860","True","NVD data issue: CPE entry does not correctly state the version numbers.","err_missing_repology_version",""
"packages.x86_64-linux.lenovo-x1-carbon-gen11-debug","github:tiiuae/ghaf?ref=main","current","CVE-2014-4859","https://nvd.nist.gov/vuln/detail/CVE-2014-4859","edk2","6.8","202411","","","","2014A0000004859","True","NVD data issue: CPE entry does not correctly state the version numbers.","err_missing_repology_version",""
"packages.x86_64-linux.lenovo-x1-carbon-gen11-debug","github:tiiuae/ghaf?ref=main","current","CVE-2014-2525","https://nvd.nist.gov/vuln/detail/CVE-2014-2525","libyaml","","0.1.4","0.1.4","0.1.4","haskell:libyaml","2014A0000002525","False","","err_not_vulnerable_based_on_repology",""
"packages.x86_64-linux.lenovo-x1-carbon-gen11-debug","github:tiiuae/ghaf?ref=main","current","CVE-2013-7354","https://nvd.nist.gov/vuln/detail/CVE-2013-7354","libpng","","1.2.59","1.6.46","1.6.47","libpng","2013A0000007354","False","","fix_update_to_version_nixpkgs","https://github.com/NixOS/nixpkgs/pull/373737"
"packages.x86_64-linux.lenovo-x1-carbon-gen11-debug","github:tiiuae/ghaf?ref=main","current","CVE-2013-7353","https://nvd.nist.gov/vuln/detail/CVE-2013-7353","libpng","","1.2.59","1.6.46","1.6.47","libpng","2013A0000007353","False","","fix_update_to_version_nixpkgs","https://github.com/NixOS/nixpkgs/pull/373737"
"packages.x86_64-linux.lenovo-x1-carbon-gen11-debug","github:tiiuae/ghaf?ref=main","current","CVE-2013-6954","https://nvd.nist.gov/vuln/detail/CVE-2013-6954","libpng","","1.2.59","1.6.46","1.6.47","libpng","2013A0000006954","False","","fix_update_to_version_nixpkgs","https://github.com/NixOS/nixpkgs/pull/373737"
"packages.x86_64-linux.lenovo-x1-carbon-gen11-debug","github:tiiuae/ghaf?ref=main","current","CVE-2013-6393","https://nvd.nist.gov/vuln/detail/CVE-2013-6393","libyaml","","0.1.4","0.1.4","0.1.4","haskell:libyaml","2013A0000006393","False","","err_not_vulnerable_based_on_repology",""
"packages.x86_64-linux.lenovo-x1-carbon-gen11-debug","github:tiiuae/ghaf?ref=main","current","CVE-2013-4392","https://nvd.nist.gov/vuln/detail/CVE-2013-4392","systemd","","257.2","257.3","257.4","systemd","2013A0000004392","False","","err_not_vulnerable_based_on_repology",""
"packages.x86_64-linux.lenovo-x1-carbon-gen11-debug","github:tiiuae/ghaf?ref=main","current","CVE-2012-3509","https://nvd.nist.gov/vuln/detail/CVE-2012-3509","libiberty","","14-20241116","","","","2012A0000003509","True","NVD data issue: CPE entry does not correctly state the version numbers.","err_missing_repology_version",""
"packages.x86_64-linux.lenovo-x1-carbon-gen11-debug","github:tiiuae/ghaf?ref=main","current","CVE-2011-3045","https://nvd.nist.gov/vuln/detail/CVE-2011-3045","libpng","","1.2.59","1.6.46","1.6.47","libpng","2011A0000003045","False","","fix_update_to_version_nixpkgs","https://github.com/NixOS/nixpkgs/pull/373737"
"packages.x86_64-linux.lenovo-x1-carbon-gen11-debug","github:tiiuae/ghaf?ref=main","current","CVE-2011-2411","https://nvd.nist.gov/vuln/detail/CVE-2011-2411","samba","","4.20.4","4.20.4","4.22.0","samba","2011A0000002411","False","","err_not_vulnerable_based_on_repology",""
"packages.x86_64-linux.lenovo-x1-carbon-gen11-debug","github:tiiuae/ghaf?ref=main","current","CVE-2010-4226","https://nvd.nist.gov/vuln/detail/CVE-2010-4226","cpio","","2.15","","","","2010A0000004226","True","NVD data issue: concerns OpenSuSE, not cpio.","err_missing_repology_version",""
"packages.x86_64-linux.lenovo-x1-carbon-gen11-debug","github:tiiuae/ghaf?ref=main","current","CVE-2007-4559","https://nvd.nist.gov/vuln/detail/CVE-2007-4559","python","9.8","2.7.18.8","3.13.2","3.13.2","python","2007A0000004559","False","","fix_update_to_version_nixpkgs","https://github.com/NixOS/nixpkgs/pull/108566 
https://github.com/NixOS/nixpkgs/pull/378540"
"packages.x86_64-linux.lenovo-x1-carbon-gen11-debug","github:tiiuae/ghaf?ref=main","current","CVE-2002-0059","https://nvd.nist.gov/vuln/detail/CVE-2002-0059","zlib","9.8","0.6.3.0","0.7.1.0","0.7.1.0","haskell:zlib","2002A0000000059","False","","err_not_vulnerable_based_on_repology",""
"packages.x86_64-linux.lenovo-x1-carbon-gen11-debug","github:tiiuae/ghaf?ref=main","current","CVE-1999-0475","https://nvd.nist.gov/vuln/detail/CVE-1999-0475","procmail","","3.24","3.24","3.24","procmail","1999A0000000475","False","","fix_not_available",""
